feedback_id,customer_id,product_id,rating,feedback_date,comments,resolved
aca8440d-b21b-4662-85df-b99cf684e684,1685,8809,130,2024-03-04 21:40:41,Sample comments 0,Sample resolved 000
9a9b983b-2e78-4a5b-a7f2-0b3cd12aad62,8426,1289,979,2024-08-16 21:40:41,Sample comments 1,Sample resolved 1
5509182e-c443-4fd3-abd6-ac0892153c7e,4212,6891,9449,2023-11-20 21:40:41,Sample comments 2,Sample resolved 2
7778ba9c-cf9e-4665-802b-7bddff2c49f6,4460,1527,1177,2024-01-25 21:40:41,Sample comments 3,Sample resolved 3
c34cb3ef-e8dd-4dad-a6d9-47a4326d851e,4328,8175,8707,2024-01-15 21:40:41,Sample comments 4,Sample resolved 4
f295e4ae-f24b-49fa-816c-6e5a20c03afd,6051,6150,8993,2024-10-08 21:40:41,Sample comments 5,Sample resolved 5
4c4c3731-c930-432a-a2f6-4f415d263200,3411,3704,4754,2024-09-29 21:40:41,Sample comments 6,Sample resolved 6
4c18f111-1b5f-418f-81ac-6b356b1fff6f,9721,6262,1751,2024-09-10 21:40:41,Sample comments 7,Sample resolved 7
215c20e9-1f74-4509-84dc-6430486c6e3f,5723,7798,1182,2024-07-21 21:40:41,Sample comments 8,Sample resolved 8
a0752ac0-20cc-48c0-87d4-f0eae61728db,1515,6713,6200,2024-04-21 21:40:41,Sample comments 9,Sample resolved 9
76c91965-63ee-4dd3-b022-1685c6fcd97c,7073,2617,2515,2023-11-13 21:40:41,Sample comments 10,Sample resolved 10
921a7ad3-339c-4028-afc5-c9c4dcd3c683,7622,5792,6847,2024-06-01 21:40:41,Sample comments 11,Sample resolved 11
98a69c60-4932-405f-ae3f-566e016877a4,5057,5377,7288,2024-11-06 21:40:41,Sample comments 12,Sample resolved 12
0bb5b3ef-7c30-4c48-ada0-28cbdbc8ac92,2304,6654,8436,2024-10-10 21:40:41,Sample comments 13,Sample resolved 13
d700328c-b498-4976-94d9-4e5640e79e3b,9838,7270,1515,2024-01-22 21:40:41,Sample comments 14,Sample resolved 14
2ad8345e-c032-4e16-ac0c-2fb8ebd5e249,4553,1113,6142,2024-02-24 21:40:41,Sample comments 15,Sample resolved 15
574eac58-bc1d-4f86-84e7-4677ab03587a,9058,9090,9367,2024-11-07 21:40:41,Sample comments 16,Sample resolved 16
ca79887d-41f9-4751-975d-1c74ce9d07eb,6167,9490,880,2024-09-04 21:40:41,Sample comments 17,Sample resolved 17
e22e6b5b-f553-4628-bf84-349dae9fc9ed,5636,4525,6811,2024-09-27 21:40:41,Sample comments 18,Sample resolved 18
dd6d43a9-5aaf-409d-867b-76d2ca9402ee,2962,2582,6641,2024-10-24 21:40:41,Sample comments 19,Sample resolved 19
db1fd448-1720-46fd-8966-08fcdd95ba35,8819,691,218,2024-08-05 21:40:41,Sample comments 20,Sample resolved 20
40ef33ce-8a46-49a0-b820-33ccad7685d1,5071,2415,2552,2023-12-23 21:40:41,Sample comments 21,Sample resolved 21
a1e862b2-247b-49a3-8b9e-aeca8938d3cb,5321,6392,7640,2024-05-13 21:40:41,Sample comments 22,Sample resolved 22
4d7b698f-40cb-42dd-9c70-77efee090927,9973,8981,6581,2024-08-05 21:40:41,Sample comments 23,Sample resolved 23
2d3e4968-4b5d-4668-96b3-6ee0ea080413,8076,7206,8257,2024-05-22 21:40:41,Sample comments 24,Sample resolved 24
18b51b70-aa82-41db-952f-8c112440d6d5,9741,1788,991,2023-12-11 21:40:41,Sample comments 25,Sample resolved 25
7343eb78-b650-4b1e-bd5a-5277129feda8,1512,8726,6760,2024-09-27 21:40:41,Sample comments 26,Sample resolved 26
96f741b7-1d25-4ce6-8a9d-9c61410ce2bc,6234,2067,6837,2024-05-01 21:40:41,Sample comments 27,Sample resolved 27
78a241be-0f0f-413f-8e62-52d4566cfffd,6654,5421,9892,2024-08-06 21:40:41,Sample comments 28,Sample resolved 28
dd308485-52d3-43f4-b032-443aaec88b8c,107,6943,7996,2024-01-02 21:40:41,Sample comments 29,Sample resolved 29
fa76fde0-4f17-428d-ac95-9ad7f5262666,3857,9694,1889,2024-02-21 21:40:41,Sample comments 30,Sample resolved 30
a7d6418f-736c-4b4c-9c75-39fa50b87a52,5700,8726,6787,2023-12-07 21:40:41,Sample comments 31,Sample resolved 31
f837cf95-3d77-4965-aa53-a5d92e0aeda7,7919,2472,439,2024-02-15 21:40:41,Sample comments 32,Sample resolved 32
630eed94-86f3-4d3c-bce1-cf0f52884914,9553,594,6783,2023-12-17 21:40:41,Sample comments 33,Sample resolved 33
effd5965-5a43-4ede-a75b-63fe1750fdb8,1551,3021,3489,2024-07-01 21:40:41,Sample comments 34,Sample resolved 34
50d567c0-5bd8-439c-937a-7560492e2bf9,1855,1130,4067,2024-09-03 21:40:41,Sample comments 35,Sample resolved 35
198b95ce-d2da-4c75-bbc4-c65b216cd179,2155,688,2597,2024-02-18 21:40:41,Sample comments 36,Sample resolved 36
462d6399-7fd7-4ec1-b8fb-75d46e33ad4c,8304,587,9872,2024-07-24 21:40:41,Sample comments 37,Sample resolved 37
676658d3-8f6e-43cc-88c7-b24dcf347c32,9543,4185,293,2024-01-01 21:40:41,Sample comments 38,Sample resolved 38
f51f42f3-01c2-4574-a8b6-bb7502783e4d,9996,3522,3382,2024-02-03 21:40:41,Sample comments 39,Sample resolved 39
071fb9a5-62d3-4fd3-9741-a063fe2f6095,5316,2708,1012,2024-03-28 21:40:41,Sample comments 40,Sample resolved 40
49459e5d-b6a5-497c-ba55-960c481bc864,3759,9647,391,2024-11-10 21:40:41,Sample comments 41,Sample resolved 41
ed94591e-42f0-4743-8ac8-2ddf72c3964f,5044,457,2001,2024-01-16 21:40:41,Sample comments 42,Sample resolved 42
3d36373a-a9d7-4959-aeb0-16e1faf62c26,6690,2166,671,2024-04-10 21:40:41,Sample comments 43,Sample resolved 43
c3f845e0-b167-467c-b658-9d5b85043987,286,3511,5847,2024-04-01 21:40:41,Sample comments 44,Sample resolved 44
f24f2610-dae6-4120-ad09-bc32bc4722a5,9810,6605,6075,2024-05-16 21:40:41,Sample comments 45,Sample resolved 45
e713e1f4-38c6-474b-9060-9fbebd69b8a5,4588,3929,2149,2024-10-03 21:40:41,Sample comments 46,Sample resolved 46
59c92ee5-640f-421c-a9ef-c18f40024e1a,236,3680,5220,2024-06-15 21:40:41,Sample comments 47,Sample resolved 47
840ea85e-5cc4-42c6-be51-721167533d08,3137,9051,5470,2024-04-17 21:40:41,Sample comments 48,Sample resolved 48
b5f8d166-8f65-4b02-b8b8-57a81f8d57c1,2978,4130,3349,2024-03-10 21:40:41,Sample comments 49,Sample resolved 49
b25ff177-8e86-483e-bcf5-4da87d89ec85,7087,4137,4320,2024-09-18 21:40:41,Sample comments 50,Sample resolved 50
825aaae2-e509-44ba-a3b7-3cc983fbf2f5,9517,6047,3699,2024-05-29 21:40:41,Sample comments 51,Sample resolved 51
dd164d30-4c88-430f-90fc-e16ba1f0c122,9588,9490,934,2024-04-17 21:40:41,Sample comments 52,Sample resolved 52
20515b02-b294-4b44-a4e7-1d06a10ec88d,8055,831,6606,2023-12-01 21:40:41,Sample comments 53,Sample resolved 53
a8d7d7de-b833-4428-9492-06ad901c4005,4365,7252,7398,2024-10-24 21:40:41,Sample comments 54,Sample resolved 54
12c47a19-da6b-4ea3-98fd-c424225e5c48,1569,5835,3634,2024-04-12 21:40:41,Sample comments 55,Sample resolved 55
2e288e1a-5994-4fc5-9cec-4b394035ea16,8008,7012,6157,2024-05-29 21:40:41,Sample comments 56,Sample resolved 56
f694de5d-f915-4b61-ba6b-de0174b69c2c,5842,9533,3136,2024-07-02 21:40:41,Sample comments 57,Sample resolved 57
3c5b275d-8c24-4dc8-a43e-0645ae764356,7003,6460,6768,2024-01-24 21:40:41,Sample comments 58,Sample resolved 58
07553902-0f2b-48d6-a645-4b98f5ab9e77,6306,5830,9946,2024-09-21 21:40:41,Sample comments 59,Sample resolved 59
0955d8b0-ef41-46e8-a303-c84cea9e6df1,3679,4077,7989,2023-12-24 21:40:41,Sample comments 60,Sample resolved 60
28ec5f57-468c-4863-9d23-be6e2233573d,2586,5956,9953,2024-01-07 21:40:41,Sample comments 61,Sample resolved 61
a221ca65-bc96-426a-a118-93ad05f56881,8103,3770,398,2024-03-11 21:40:41,Sample comments 62,Sample resolved 62
85f643e4-a418-4abd-b720-4f94079bea80,5290,9017,3457,2024-07-06 21:40:41,Sample comments 63,Sample resolved 63
795ced88-c2db-442b-8635-df7fe027c9b3,3404,8815,9061,2023-12-26 21:40:41,Sample comments 64,Sample resolved 64
926d1670-e00a-4339-bd6c-15d54f0145a6,6996,2347,3394,2024-10-01 21:40:41,Sample comments 65,Sample resolved 65
b1b8eca5-6f86-4f4b-bebd-97a39e1d6f56,5614,4337,8604,2024-11-08 21:40:41,Sample comments 66,Sample resolved 66
3b7912fa-ed76-419a-9482-704dbf22a316,3793,9295,4011,2024-08-10 21:40:41,Sample comments 67,Sample resolved 67
011c7b03-43b4-4108-9990-d7e2b409426b,5959,5876,4159,2024-05-07 21:40:41,Sample comments 68,Sample resolved 68
96c02b00-4ea2-401f-b99e-3af577eb1352,9293,5944,7172,2023-11-13 21:40:41,Sample comments 69,Sample resolved 69
72a00108-a767-4962-b2f2-d47751ab0141,4134,2897,5312,2024-03-25 21:40:41,Sample comments 70,Sample resolved 70
3846ddee-1bca-4a2d-ae17-71c94f53c80c,8332,8168,9618,2023-11-27 21:40:41,Sample comments 71,Sample resolved 71
0832b96d-1894-4f48-b059-9aa3da2e74ff,3941,7371,6170,2023-12-21 21:40:41,Sample comments 72,Sample resolved 72
97ba0a30-72ae-47a5-9087-fb8dfd324f67,7958,3867,8575,2024-05-09 21:40:41,Sample comments 73,Sample resolved 73
c312b3c9-7deb-4276-80e2-4ee689f231e9,4272,2281,6499,2024-04-16 21:40:41,Sample comments 74,Sample resolved 74
362351b8-06fc-4e5e-a526-668862cb877f,9146,1922,6002,2024-05-31 21:40:41,Sample comments 75,Sample resolved 75
f873ea95-1396-40a3-9d7c-592448d4ad01,8996,610,4055,2024-05-17 21:40:41,Sample comments 76,Sample resolved 76
9b60ae59-eca7-4b61-81f7-ec387b29357d,7334,6281,4401,2024-06-14 21:40:41,Sample comments 77,Sample resolved 77
f00814f1-f4a0-479a-8c9d-bc2ba23ffa24,1599,3309,1875,2024-04-12 21:40:41,Sample comments 78,Sample resolved 78
442136ce-eba4-4222-ae25-1798e9bf34b6,5187,886,2085,2023-11-21 21:40:41,Sample comments 79,Sample resolved 79
12cd258d-bff0-4916-8169-e09095aaab94,1054,7977,2867,2024-08-01 21:40:41,Sample comments 80,Sample resolved 80
6dd5d263-d31f-4e01-a689-160ee215a65a,1694,2714,7244,2023-12-12 21:40:41,Sample comments 81,Sample resolved 81
c5f2d0fe-5bc1-4b12-89de-e96de7df7410,9259,8556,4004,2024-11-04 21:40:41,Sample comments 82,Sample resolved 82
863928ef-349d-4035-a24a-f573aeb6be68,6007,2721,3245,2024-07-12 21:40:41,Sample comments 83,Sample resolved 83
4300a0e2-2790-4607-b89f-d0f784fbcecb,7470,8151,845,2024-08-17 21:40:41,Sample comments 84,Sample resolved 84
fc393ddd-a3a7-4831-8912-7dacbdcfeedd,274,4732,6660,2024-02-01 21:40:41,Sample comments 85,Sample resolved 85
56a02f1a-f47a-46f4-a8f5-bbbe3cf7abb2,5970,6721,1603,2024-06-04 21:40:41,Sample comments 86,Sample resolved 86
10e54a0a-6f14-4843-8c67-29b74a6297f3,5898,7302,2176,2024-06-25 21:40:41,Sample comments 87,Sample resolved 87
d6848385-b0de-4245-a4bd-e59d9fcdfd2a,1795,5530,638,2024-06-15 21:40:41,Sample comments 88,Sample resolved 88
4caf6ac4-7741-49d0-8139-5773bfbcb89f,2348,9901,8501,2024-07-09 21:40:41,Sample comments 89,Sample resolved 89
2c93b31c-dd96-4e6f-a4d9-ffd82a9505af,5565,3380,9490,2024-06-04 21:40:41,Sample comments 90,Sample resolved 90
db200f8d-4550-4b8e-a861-db1632e586b5,5665,1921,4053,2024-08-25 21:40:41,Sample comments 91,Sample resolved 91
69e2e861-474f-4da1-a22b-383d18362395,7336,8804,4352,2024-11-06 21:40:41,Sample comments 92,Sample resolved 92
d5baec7e-8d9a-4845-8dcd-320a4285d20e,8749,4859,9147,2024-10-03 21:40:41,Sample comments 93,Sample resolved 93
3c7220ea-3536-4afb-9682-9a1803361de9,4255,9518,9954,2024-09-19 21:40:41,Sample comments 94,Sample resolved 94
e0afe11b-f089-4426-8faf-0462f0fd57f4,955,8580,3937,2024-10-02 21:40:41,Sample comments 95,Sample resolved 95
d1f9b3b7-5c54-4f66-a642-bc798dccc3b6,7878,5609,4400,2023-12-27 21:40:41,Sample comments 96,Sample resolved 96
b96cdbbe-07be-4f34-9310-835db1913d59,3086,7044,9185,2024-05-23 21:40:41,Sample comments 97,Sample resolved 97
f1fb15b2-8aca-4b3b-bb1d-925e8ad2b0e2,3091,2597,9267,2024-03-21 21:40:41,Sample comments 98,Sample resolved 98
3f31a567-662e-4875-ab12-6f070f221d48,2879,9792,1437,2023-12-11 21:40:41,Sample comments 99,Sample resolved 99
a773b294-c360-410f-8c95-a5d0654a786a,3672,2864,2839,2024-03-22 21:40:41,Sample comments 100,Sample resolved 100
8ddfa83d-34d6-4a66-89cb-bde0c84684a7,601,9143,3997,2024-05-29 21:40:41,Sample comments 101,Sample resolved 101
f74e76bb-1da6-435e-8658-248d3710fd12,6733,2891,1000,2024-04-06 21:40:41,Sample comments 102,Sample resolved 102
0715125f-4469-4602-a2cb-32ff0254e075,5339,5976,9270,2023-12-26 21:40:41,Sample comments 103,Sample resolved 103
826da818-56b3-44eb-b001-381ca4112251,4033,7084,4738,2024-04-06 21:40:41,Sample comments 104,Sample resolved 104
340a21e8-3e7c-4699-8186-1edded89450d,4954,1062,9160,2024-04-26 21:40:41,Sample comments 105,Sample resolved 105
9a66ab30-8ae3-4f35-b5c4-dd4360c099b7,7531,4805,667,2024-04-20 21:40:41,Sample comments 106,Sample resolved 106
4dfd02e6-8291-4b0b-929c-f23ff8c827c6,1929,3415,3434,2024-06-14 21:40:41,Sample comments 107,Sample resolved 107
441c87e3-ae6c-4635-b678-5e49fba88383,6682,2793,4233,2024-03-29 21:40:41,Sample comments 108,Sample resolved 108
7a6e4a79-4186-4c4e-a484-8b9665412fa9,6448,1041,2660,2024-09-28 21:40:41,Sample comments 109,Sample resolved 109
9b9f79af-7822-4fdf-8e10-c917d4772102,9489,5760,8747,2024-02-13 21:40:41,Sample comments 110,Sample resolved 110
6b1cbc70-35ef-44d4-be24-1d2744a5fee1,585,6812,9281,2024-09-26 21:40:41,Sample comments 111,Sample resolved 111
6cdc8c71-9a20-4649-93b7-5211e5c09a6d,8093,8158,9864,2024-01-26 21:40:41,Sample comments 112,Sample resolved 112
5ca5d362-dbe8-4aae-a1d8-ed30d84a19e8,6502,6221,253,2024-03-07 21:40:41,Sample comments 113,Sample resolved 113
5cf1f836-92f4-4a01-858c-bd062749b762,5154,6456,9424,2024-11-03 21:40:41,Sample comments 114,Sample resolved 114
b904aa69-4164-4830-b43e-6779ff921cb6,6483,8341,2244,2024-06-07 21:40:41,Sample comments 115,Sample resolved 115
5dd0535f-02c4-40ef-8c22-90b585be7555,3823,482,6948,2024-06-16 21:40:41,Sample comments 116,Sample resolved 116
ffc6549a-7f56-467f-81a6-64f2811b62d3,6148,8202,2553,2024-10-10 21:40:41,Sample comments 117,Sample resolved 117
93c56f1d-8d41-4e4a-9eb9-1f231c267eed,8549,8771,4202,2024-06-17 21:40:41,Sample comments 118,Sample resolved 118
ab7aeec4-8d81-4cf9-a8f6-8520df39f002,3665,3792,7326,2024-02-17 21:40:41,Sample comments 119,Sample resolved 119
7141fd18-f419-44db-b95e-83f2106aa314,6321,3333,8025,2024-03-16 21:40:41,Sample comments 120,Sample resolved 120
00a550fc-235f-4325-bd60-ac4bfedd11bf,4634,5479,7381,2024-01-23 21:40:41,Sample comments 121,Sample resolved 121
be8da3a7-8355-4397-9883-8cbd2f08d033,2260,9931,2517,2024-04-03 21:40:41,Sample comments 122,Sample resolved 122
dc2d0595-bc38-4552-9811-91b43c54c0e1,1040,7994,2539,2024-10-06 21:40:41,Sample comments 123,Sample resolved 123
e5b43003-3d3c-4001-8828-5d35e0c74c78,9320,4709,6847,2024-05-18 21:40:41,Sample comments 124,Sample resolved 124
ddd8aeff-2333-4d36-930c-d7104da545ef,9731,4479,3736,2024-08-26 21:40:41,Sample comments 125,Sample resolved 125
e713590e-55b0-47a6-bf6a-cf073a56f4f8,658,4531,9313,2024-03-17 21:40:41,Sample comments 126,Sample resolved 126
ac2b2a2f-7ad3-4821-aaaa-ea5728d21805,1060,6687,9247,2024-05-06 21:40:41,Sample comments 127,Sample resolved 127
a2294c8f-50d7-4d95-8c30-882585e3307f,7832,8519,6358,2024-02-03 21:40:41,Sample comments 128,Sample resolved 128
f754f49e-3aeb-4861-81e7-621ae72cdf1a,8835,6492,6878,2024-02-26 21:40:41,Sample comments 129,Sample resolved 129
e2049704-37a5-4333-89e8-93c1796d03b3,8249,869,966,2023-11-30 21:40:41,Sample comments 130,Sample resolved 130
550f081f-9e69-4965-86a2-d8b362d763d5,7863,5036,3573,2024-01-05 21:40:41,Sample comments 131,Sample resolved 131
c1a30f20-454f-497f-8d38-7f8e0413628a,5589,4287,9554,2024-04-01 21:40:41,Sample comments 132,Sample resolved 132
ee48565c-421d-4b24-bd03-f38e31a8e851,9127,1574,4738,2024-07-25 21:40:41,Sample comments 133,Sample resolved 133
39fa9238-ce4d-4258-8c54-37ab89231e38,455,4998,4413,2024-09-20 21:40:41,Sample comments 134,Sample resolved 134
a31adcab-f854-4172-8d38-5c8cff720356,4941,3855,6200,2024-09-14 21:40:41,Sample comments 135,Sample resolved 135
4005d6da-b7b1-4b98-8071-9f1c007bf96d,4725,8221,6797,2024-06-16 21:40:41,Sample comments 136,Sample resolved 136
c3b913ec-1e7f-40f8-af22-90d80c5e128e,3458,7881,560,2024-03-02 21:40:41,Sample comments 137,Sample resolved 137
c412fc55-f00a-41c1-a5c5-5b40ddaeb72a,1112,7942,7291,2023-11-17 21:40:41,Sample comments 138,Sample resolved 138
32ece6ee-5dd4-420d-94ab-b2bda2284700,2874,544,9280,2024-08-25 21:40:41,Sample comments 139,Sample resolved 139
2a94244d-e99c-4324-9a43-c090bf2038f5,3258,5965,7256,2024-04-26 21:40:41,Sample comments 140,Sample resolved 140
8280a724-0654-4af2-900c-db30822c04db,688,960,7470,2024-06-08 21:40:41,Sample comments 141,Sample resolved 141
3517a6cb-c6d3-4fa1-992b-e0d2ebd8a61a,8126,1169,8581,2024-01-06 21:40:41,Sample comments 142,Sample resolved 142
cd3bcff0-12db-4040-9f1c-e320ca86d118,6334,4911,3577,2024-04-07 21:40:41,Sample comments 143,Sample resolved 143
4bb6bbc7-8a40-407b-a428-140e90a28261,762,1427,8810,2024-02-04 21:40:41,Sample comments 144,Sample resolved 144
6a92325a-c324-4e53-9da0-c1ae51dc428d,5740,3791,8518,2023-12-15 21:40:41,Sample comments 145,Sample resolved 145
7bb84a0e-60f1-4535-a395-e72cc4439444,5048,1682,9784,2024-08-25 21:40:41,Sample comments 146,Sample resolved 146
e5962306-647b-41a7-8773-21e63d66ca79,8733,5992,1918,2024-06-28 21:40:41,Sample comments 147,Sample resolved 147
4dffbedc-577d-4457-b2e6-ac1c087c0a4d,4931,8260,2360,2024-03-27 21:40:41,Sample comments 148,Sample resolved 148
49bd5e5f-56e5-412a-aa6a-beba43c06732,9526,7198,4900,2024-07-12 21:40:41,Sample comments 149,Sample resolved 149
0994fb88-bc9b-45ba-bedc-ae36fb3ed520,9868,9312,3752,2024-01-04 21:40:41,Sample comments 150,Sample resolved 150
4a588e88-da75-42b7-8525-b9e8f2736ada,3818,4911,9824,2024-05-11 21:40:41,Sample comments 151,Sample resolved 151
7cbc73e2-f0c2-4a15-9a22-ff7010369fe0,8946,2205,9682,2024-08-15 21:40:41,Sample comments 152,Sample resolved 152
825a3326-a327-4c55-a9b9-1d61274e29f4,1122,6866,1707,2024-01-09 21:40:41,Sample comments 153,Sample resolved 153
a2ef65ee-4538-4f40-b7a9-1a24be464b8d,2052,5222,8301,2024-07-15 21:40:41,Sample comments 154,Sample resolved 154
82ca79b9-dd15-44b7-9d79-41b358c4ceb1,4329,8273,4291,2024-01-31 21:40:41,Sample comments 155,Sample resolved 155
2b11280b-8695-455f-9793-c525c85ef0fb,5751,4941,4295,2024-02-28 21:40:41,Sample comments 156,Sample resolved 156
25819d03-662a-4667-b3ec-7f05143c6c7a,3251,3990,8476,2023-11-13 21:40:41,Sample comments 157,Sample resolved 157
d783d06a-27a5-4ebc-bec5-5ed65268eba6,7066,6154,763,2024-07-06 21:40:41,Sample comments 158,Sample resolved 158
e8ec770c-aac9-4d20-a9bb-3069fa541640,1544,9601,6419,2024-05-02 21:40:41,Sample comments 159,Sample resolved 159
481bb042-1a56-4039-ae5b-2f2b8e92dc82,8320,948,4048,2024-09-18 21:40:41,Sample comments 160,Sample resolved 160
744de3fc-3c6f-455e-b064-386c56188953,5689,721,6302,2024-01-17 21:40:41,Sample comments 161,Sample resolved 161
a352067d-fda1-4dbc-ab92-c3c290714616,1387,8093,4999,2024-04-01 21:40:41,Sample comments 162,Sample resolved 162
6370e8de-6810-4b88-adb4-a0eab89ac7b6,4470,946,1433,2024-03-27 21:40:41,Sample comments 163,Sample resolved 163
11e7f0ea-fd82-4fc7-9332-0a54648d6e8f,4268,2286,4381,2024-06-25 21:40:41,Sample comments 164,Sample resolved 164
cc351950-6b4a-460e-b885-8283065c37c7,1541,2350,963,2024-11-01 21:40:41,Sample comments 165,Sample resolved 165
7cb0ae3f-ab23-437e-b84e-821458d27b41,7088,2183,7823,2024-08-22 21:40:41,Sample comments 166,Sample resolved 166
44103859-47d9-409e-8039-9fae751bc5e5,5998,7733,3123,2024-02-26 21:40:41,Sample comments 167,Sample resolved 167
2f2ab29e-6702-48fd-a678-deda02cd5bb3,5060,3874,6579,2024-07-28 21:40:41,Sample comments 168,Sample resolved 168
474b6ab4-4edd-433b-8ddb-5f389f04466e,621,350,1752,2024-09-17 21:40:41,Sample comments 169,Sample resolved 169
13d9954f-b09c-460e-ad7f-d845bb8c3170,4473,4943,9820,2024-09-27 21:40:41,Sample comments 170,Sample resolved 170
8645b5cd-e828-4320-bc8d-c1735bb689cf,6235,7297,8630,2023-12-30 21:40:41,Sample comments 171,Sample resolved 171
d78edd65-7211-4b01-a8a9-44a421cc5dac,7082,9427,6774,2024-10-20 21:40:41,Sample comments 172,Sample resolved 172
0c722925-a7c1-4921-97f1-424893b1783f,4115,4298,8719,2024-04-28 21:40:41,Sample comments 173,Sample resolved 173
57bcc8e5-ac27-4198-9b42-5d100b6ac737,2357,9896,3184,2024-01-14 21:40:41,Sample comments 174,Sample resolved 174
5c9ba8e4-9503-44f7-97f8-fee36529bf1a,7893,6589,9957,2024-01-17 21:40:41,Sample comments 175,Sample resolved 175
e5bdd3b5-c859-465d-8137-3f165b3a58a6,6214,3379,2309,2024-10-20 21:40:41,Sample comments 176,Sample resolved 176
c2175a78-7c04-4a3d-894e-44576dbc3453,3907,1714,4211,2023-11-28 21:40:41,Sample comments 177,Sample resolved 177
09b1f234-be9b-49c9-9d54-4e59fb5541d6,5454,9286,4407,2024-09-29 21:40:41,Sample comments 178,Sample resolved 178
676cb6e1-6566-412d-a4cf-a90035b74573,7382,3182,2597,2024-02-17 21:40:41,Sample comments 179,Sample resolved 179
fe92f727-f047-4010-a795-c5fdbb665f07,2164,3874,902,2024-06-26 21:40:41,Sample comments 180,Sample resolved 180
4565a6c9-894a-4bf7-bb7a-1fe0e30e86fb,4132,2777,278,2024-10-17 21:40:41,Sample comments 181,Sample resolved 181
e225dfb3-2205-4dee-97ff-b8a51dd2e7fd,2584,2705,1130,2023-11-13 21:40:41,Sample comments 182,Sample resolved 182
215e20b2-55cd-421b-887b-881bfc3b46e6,3185,7931,3364,2023-12-23 21:40:41,Sample comments 183,Sample resolved 183
76031d40-9408-4aa6-a879-647bcc99226a,2693,3966,642,2024-09-19 21:40:41,Sample comments 184,Sample resolved 184
7254bd85-46f8-4aee-881e-e5a89d842ca3,448,7679,7662,2023-12-06 21:40:41,Sample comments 185,Sample resolved 185
f2119e94-9edc-48e3-b6e5-3abf8ad3a302,4052,8657,9567,2024-06-03 21:40:41,Sample comments 186,Sample resolved 186
cb25597a-3030-4497-ac39-ec35f50ed74d,5091,6132,4024,2024-01-16 21:40:41,Sample comments 187,Sample resolved 187
45069b70-130c-4b25-af54-e8407a6ad30c,282,6171,5306,2024-10-06 21:40:41,Sample comments 188,Sample resolved 188
21190734-1991-46a6-9cbf-5665e8e6fc1d,7532,103,5756,2024-05-02 21:40:41,Sample comments 189,Sample resolved 189
323e0858-e784-44a9-b997-7d64b57780eb,3156,861,7500,2024-11-01 21:40:41,Sample comments 190,Sample resolved 190
42657342-5860-43e2-871f-b79fffb99d1a,6162,4526,2421,2024-02-04 21:40:41,Sample comments 191,Sample resolved 191
c29f1027-0c31-401b-b2ac-8b3f5feac8a3,4490,7386,7223,2024-06-03 21:40:41,Sample comments 192,Sample resolved 192
814876d1-0958-4b7a-910b-d6dc78134c0c,9811,5975,3857,2024-07-30 21:40:41,Sample comments 193,Sample resolved 193
ecfc19ff-65fc-4282-a719-9331fe879bbf,6516,7624,246,2023-12-09 21:40:41,Sample comments 194,Sample resolved 194
433be0bf-8b72-4dfc-82c2-dd37dabc2dc8,8500,4482,5094,2024-09-09 21:40:41,Sample comments 195,Sample resolved 195
a7daeb1e-0fb0-4f9b-9ce5-165882ce073d,617,5845,6433,2024-10-07 21:40:41,Sample comments 196,Sample resolved 196
509c8789-ebec-4fb6-b7bb-1547336ba0ee,6528,3982,3853,2024-08-11 21:40:41,Sample comments 197,Sample resolved 197
f4e99bbd-a3ce-4378-b5b0-2c5310ea25d7,612,7039,8154,2024-06-30 21:40:41,Sample comments 198,Sample resolved 198
51ec157f-a8a0-431b-9dcb-6433b498cb9f,4896,3716,9523,2024-10-08 21:40:41,Sample comments 199,Sample resolved 199
f0366a5c-2af5-41b2-8fe2-18b522c9dcf7,2985,7106,6992,2024-07-14 21:40:41,Sample comments 200,Sample resolved 200
cdf57d8b-9dea-4b87-9208-5126de298de5,5258,3340,7501,2023-11-15 21:40:41,Sample comments 201,Sample resolved 201
45b8338d-78c1-4caa-b43e-1250c867b751,7460,6263,4942,2024-06-13 21:40:41,Sample comments 202,Sample resolved 202
82f853d3-4599-45d9-92a7-038e008788c4,6405,9504,4759,2024-07-22 21:40:41,Sample comments 203,Sample resolved 203
01fd831f-b130-4f15-9c38-ee2118fbb73f,5685,2301,9989,2024-07-01 21:40:41,Sample comments 204,Sample resolved 204
a957d004-9abe-4ba7-8acd-e39092a4d877,5124,763,6089,2024-03-18 21:40:41,Sample comments 205,Sample resolved 205
0e239a90-9ebc-4a72-b936-1401e6b20a77,1301,6076,1316,2024-10-18 21:40:41,Sample comments 206,Sample resolved 206
b254f936-f6bf-41cd-9717-322f70c54b28,2312,6527,5392,2024-02-21 21:40:41,Sample comments 207,Sample resolved 207
11dd27f9-e367-40ea-9a09-548b1043e38d,3880,4583,8908,2024-06-12 21:40:41,Sample comments 208,Sample resolved 208
44afd03c-bafd-464d-838d-77890d63fd07,8993,2140,9435,2024-01-22 21:40:41,Sample comments 209,Sample resolved 209
599527a4-fa39-49c4-a906-475b161bdecf,6991,4238,3040,2024-03-28 21:40:41,Sample comments 210,Sample resolved 210
89ce3fbd-c2d1-43de-acb8-93c2b9391aac,8771,3073,3270,2024-04-03 21:40:41,Sample comments 211,Sample resolved 211
8beb7edc-404a-4cdb-818e-4d4e2a94a3a0,7673,8601,9333,2024-10-31 21:40:41,Sample comments 212,Sample resolved 212
30d302ac-efb1-4130-b131-2216662601a3,8521,5917,9213,2024-02-14 21:40:41,Sample comments 213,Sample resolved 213
6aa9132e-38f4-452c-a563-b73106230ffa,2041,3557,5681,2024-07-15 21:40:41,Sample comments 214,Sample resolved 214
4ed1ab86-22ac-4d29-9b93-c4a4c861dea8,2809,1393,5992,2024-01-30 21:40:41,Sample comments 215,Sample resolved 215
72cbc654-0190-4e81-b51b-3fd083eb8c78,5017,4744,4618,2024-01-26 21:40:41,Sample comments 216,Sample resolved 216
da953f67-ccaf-49df-a122-6947e1c2446b,1202,8405,4585,2024-05-02 21:40:41,Sample comments 217,Sample resolved 217
2ba04c71-75ad-4e27-b69c-c6878c58e5b9,6307,7024,5822,2024-08-08 21:40:41,Sample comments 218,Sample resolved 218
2836856a-3e4b-476b-90a2-2c1827713bbb,4253,5612,717,2023-12-20 21:40:41,Sample comments 219,Sample resolved 219
81577278-0eed-44ef-83a8-0f3a4cd19746,1248,5573,2681,2024-08-16 21:40:41,Sample comments 220,Sample resolved 220
08ee35ee-ab3b-4ced-8e02-cd052a8ee587,9110,2250,1481,2024-07-27 21:40:41,Sample comments 221,Sample resolved 221
af379390-e37f-4fbe-8b4e-8cdab4dae669,4746,6629,5829,2024-08-29 21:40:41,Sample comments 222,Sample resolved 222
6b91162e-75fe-4cfd-98a5-28cb595b2fd7,9879,2129,8814,2024-11-06 21:40:41,Sample comments 223,Sample resolved 223
6a625c3b-472b-45be-9425-dd3e5f81c2fa,6541,5711,7146,2024-02-09 21:40:41,Sample comments 224,Sample resolved 224
2f54bcf4-cd63-4643-a295-bfa25fca8f56,9007,5586,8367,2024-10-28 21:40:41,Sample comments 225,Sample resolved 225
c0e318e1-2910-4091-952d-9f979ba36d42,6122,5406,7938,2024-05-28 21:40:41,Sample comments 226,Sample resolved 226
f2fc57d4-8c24-4431-9a0e-b358792d1a29,301,4006,8371,2024-06-18 21:40:41,Sample comments 227,Sample resolved 227
da759039-35af-4b83-bf65-0d57572dc9ae,1877,4701,6658,2024-02-28 21:40:41,Sample comments 228,Sample resolved 228
863a4460-e30e-4fb6-802b-dbdb9fa32290,9082,7186,3102,2024-09-27 21:40:41,Sample comments 229,Sample resolved 229
23beb802-6109-442f-b7c9-0a3d14792b9f,8771,1765,4125,2024-05-09 21:40:41,Sample comments 230,Sample resolved 230
5fbaeb72-5a02-4a95-b4c2-705e78d2f48f,8312,4241,7369,2024-02-20 21:40:41,Sample comments 231,Sample resolved 231
40364466-997d-4482-928e-5c2885aa750c,231,6465,1143,2023-11-14 21:40:41,Sample comments 232,Sample resolved 232
031171ee-f4d9-4eb4-8873-19be1b96804b,9724,5285,4009,2024-02-17 21:40:41,Sample comments 233,Sample resolved 233
203a4f4f-28c0-4255-ad84-45e04fec8bd6,6597,3591,6268,2024-06-09 21:40:41,Sample comments 234,Sample resolved 234
7f426ff3-4a25-4bbc-a69d-06241556ef6a,3714,9405,4329,2024-05-21 21:40:41,Sample comments 235,Sample resolved 235
0c1437ab-ecb6-4bd4-a83d-0c6111b71594,4724,4362,4584,2024-07-02 21:40:41,Sample comments 236,Sample resolved 236
4a6dfe43-3ae6-4980-820e-b57b2ca12fd3,9818,5112,7893,2024-07-07 21:40:41,Sample comments 237,Sample resolved 237
bdef4ed8-303f-409d-ba1a-3ff78de5d0da,6199,9184,8650,2024-08-25 21:40:41,Sample comments 238,Sample resolved 238
f94f2e27-2e2d-4a81-a39e-21224cc9aa56,171,5792,4650,2024-09-22 21:40:41,Sample comments 239,Sample resolved 239
1594a5b6-bf0c-4ca1-b1e2-b1041bf81887,1054,367,9721,2024-01-20 21:40:41,Sample comments 240,Sample resolved 240
04a8087c-8930-4df3-bdfd-01198bef4d5f,2259,9542,1378,2024-04-04 21:40:41,Sample comments 241,Sample resolved 241
b73aa84e-cc43-40b4-bd4e-277e33fbcbfb,5653,275,4682,2024-06-19 21:40:41,Sample comments 242,Sample resolved 242
badebe11-2ade-4204-9c84-7d0eadfe1cc4,9244,9123,2177,2024-01-18 21:40:41,Sample comments 243,Sample resolved 243
643db9a1-b93f-4027-84b6-e0917abdfec7,1004,7497,6127,2024-01-17 21:40:41,Sample comments 244,Sample resolved 244
bc9ac52e-0327-4c3b-94d3-46c67b1c50d3,1415,4392,4644,2024-04-09 21:40:41,Sample comments 245,Sample resolved 245
3768eec0-dd51-4bcd-8817-9eab912395b5,3128,7567,7667,2024-04-03 21:40:41,Sample comments 246,Sample resolved 246
1ff168cf-83ba-4138-bf15-c250219843ed,9134,6727,2630,2024-06-12 21:40:41,Sample comments 247,Sample resolved 247
9115cef3-4f5e-4795-8ec4-3bc5fc977a95,5028,4801,5374,2024-03-16 21:40:41,Sample comments 248,Sample resolved 248
3ffb67f5-c3ce-42a0-9a87-19f9790c09e6,6277,4629,5855,2024-08-05 21:40:41,Sample comments 249,Sample resolved 249
1da5b941-31e3-4b45-8995-1b00f53e4789,5698,8768,4974,2024-10-14 21:40:41,Sample comments 250,Sample resolved 250
e50c065c-1976-4377-99be-5e1a2766d2b4,3755,7790,557,2024-05-16 21:40:41,Sample comments 251,Sample resolved 251
a89ea317-5863-486d-ab67-b8fac3f7532f,235,4631,3842,2024-07-29 21:40:41,Sample comments 252,Sample resolved 252
26fefbd9-9d97-4f43-b014-41e6f37d2acb,6975,4558,6890,2024-10-27 21:40:41,Sample comments 253,Sample resolved 253
efd00e03-0490-4cdb-856b-9ead716f0185,8423,4116,3274,2024-11-03 21:40:41,Sample comments 254,Sample resolved 254
665ed099-05a8-44f0-b2e7-12f372ffd63e,9219,4007,9444,2024-04-17 21:40:41,Sample comments 255,Sample resolved 255
c7d96bc2-a37a-4de9-a52d-e10ef4f7a4f5,2752,3972,1192,2024-02-06 21:40:41,Sample comments 256,Sample resolved 256
6ec96c41-ee10-4f9b-a54b-1282979abec9,5445,5780,5374,2024-03-14 21:40:41,Sample comments 257,Sample resolved 257
43ec00d6-5368-493c-b872-d40e9e2b0b98,5961,5745,5734,2024-01-09 21:40:41,Sample comments 258,Sample resolved 258
937550fb-d3c4-4d34-ae36-498c78df8233,1189,383,5391,2023-12-28 21:40:41,Sample comments 259,Sample resolved 259
2937e97e-6aae-4464-9836-590363d35c2e,9271,9566,4319,2023-12-31 21:40:41,Sample comments 260,Sample resolved 260
dfb8ecae-bec3-4b35-833a-c709771a66ad,7021,2027,5363,2024-03-25 21:40:41,Sample comments 261,Sample resolved 261
b92ae90f-8b07-473b-a47d-94b67aed5618,1609,214,2506,2024-10-07 21:40:41,Sample comments 262,Sample resolved 262
f4bc1561-f09f-4677-9a4d-b8ca8d23f0fc,5096,7352,1661,2023-12-28 21:40:41,Sample comments 263,Sample resolved 263
39d14fda-659e-4946-a631-d7092faf1a58,7361,6723,7678,2024-05-25 21:40:41,Sample comments 264,Sample resolved 264
91922020-f4e3-4e1c-9da6-185b6f28443f,5860,2808,9494,2024-02-02 21:40:41,Sample comments 265,Sample resolved 265
7077cb97-834e-4b8f-a495-de50c5d86110,3635,6565,9917,2024-07-28 21:40:41,Sample comments 266,Sample resolved 266
97218513-fbb1-4d07-b1c0-d08fca27d1ab,6588,105,7978,2024-04-16 21:40:41,Sample comments 267,Sample resolved 267
61eb0412-a264-4bb3-bb28-46ef5e20bfdc,4901,8463,3777,2024-10-28 21:40:41,Sample comments 268,Sample resolved 268
90d5ab06-f396-47a7-b466-149c41f3d9ec,2350,9529,5299,2024-07-01 21:40:41,Sample comments 269,Sample resolved 269
0c75cfc7-de98-44f1-a2d8-874e0f2a47e2,6919,906,3478,2024-08-22 21:40:41,Sample comments 270,Sample resolved 270
dffed5f7-57fd-4dfc-9daa-dcbc6827ab5d,8028,8546,4437,2024-05-27 21:40:41,Sample comments 271,Sample resolved 271
24389de0-be84-4a8c-8997-00bd86cbac68,351,7112,4522,2023-11-16 21:40:41,Sample comments 272,Sample resolved 272
d972164e-14c6-4876-bbac-7d4ad65b961e,6339,4333,1226,2024-07-27 21:40:41,Sample comments 273,Sample resolved 273
b1c653db-c7a2-4b1d-a9be-5bd7088eabb6,3721,7962,7317,2023-11-21 21:40:41,Sample comments 274,Sample resolved 274
bc4059a8-c6e3-4d14-9733-36ad63cba729,9701,5025,5643,2024-08-24 21:40:41,Sample comments 275,Sample resolved 275
2c02054e-855a-4f08-ad5b-aa6b4f860a90,8371,6218,2324,2024-08-28 21:40:41,Sample comments 276,Sample resolved 276
a6270e39-61ef-4ae6-8210-c01cc0d6e4de,3183,4856,6733,2024-03-03 21:40:41,Sample comments 277,Sample resolved 277
bf1f8b85-8883-485b-9b06-b6cc2d752b73,4290,8993,9243,2024-04-23 21:40:41,Sample comments 278,Sample resolved 278
010f6807-5f97-48ba-9561-ae499fb83abb,981,2048,7136,2024-10-15 21:40:41,Sample comments 279,Sample resolved 279
ba55aa10-bf78-4c7c-afd5-280b97e0c895,9580,9786,5784,2024-08-14 21:40:41,Sample comments 280,Sample resolved 280
07152bb0-e71a-4a2b-bf56-dad7ca776777,9307,8451,6908,2024-01-07 21:40:41,Sample comments 281,Sample resolved 281
aa44579d-6921-4fe4-b630-447f09a743e9,2547,8072,9534,2024-03-31 21:40:41,Sample comments 282,Sample resolved 282
eb730c7f-e83c-4eb0-877a-a091ed09d790,3026,5929,1118,2024-08-27 21:40:41,Sample comments 283,Sample resolved 283
b0de3c93-b7c4-4bfe-8b11-864431ed07c3,988,9637,7856,2023-11-13 21:40:41,Sample comments 284,Sample resolved 284
9936c736-8d04-4c8c-be9e-02a2f5994651,2223,3147,5821,2024-03-18 21:40:41,Sample comments 285,Sample resolved 285
0d2d33f3-a3a1-44ed-a85c-bc2e1a24cfa2,5582,7703,5128,2024-01-22 21:40:41,Sample comments 286,Sample resolved 286
717006f7-4ba0-4243-b983-131e7a853ade,3436,6196,3387,2024-07-07 21:40:41,Sample comments 287,Sample resolved 287
a4391912-4722-475e-9e8e-6a0bcbc4597b,8219,7504,7907,2024-04-21 21:40:41,Sample comments 288,Sample resolved 288
d4d3116b-466d-4fe4-96d3-083850afb58b,8838,6394,7158,2024-02-27 21:40:41,Sample comments 289,Sample resolved 289
3b0c3f6d-b8f6-460d-8ad6-7d3d6c8ccfce,6670,7292,9872,2024-08-13 21:40:41,Sample comments 290,Sample resolved 290
e9a4f760-691a-47f0-a0e5-00c7d66659ae,7444,4722,8257,2024-09-30 21:40:41,Sample comments 291,Sample resolved 291
0892b518-1868-4eef-826c-7f6de1b9c02a,3279,6077,8737,2024-02-07 21:40:41,Sample comments 292,Sample resolved 292
692e20ba-c05a-4e50-969b-fac1e9807685,3380,9475,2000,2024-09-28 21:40:41,Sample comments 293,Sample resolved 293
ab932f17-4883-4b96-9540-f975f38a26fd,9853,7629,3306,2024-08-18 21:40:41,Sample comments 294,Sample resolved 294
690bfb18-f01f-471c-b548-96d3da0cb392,1836,7643,2260,2023-12-11 21:40:41,Sample comments 295,Sample resolved 295
ec7f0296-c016-48c2-b586-01d6a02a3a20,8403,8767,6821,2023-12-31 21:40:41,Sample comments 296,Sample resolved 296
2fd8152c-ddd0-435a-9b8a-ca5903f20e40,2565,9626,8657,2023-12-02 21:40:41,Sample comments 297,Sample resolved 297
2f38d30b-a154-46c1-95b4-0df121338e49,5420,9470,3121,2024-04-02 21:40:41,Sample comments 298,Sample resolved 298
f9d4140a-0eab-4d97-98a9-a5aad0497668,1055,368,9867,2024-01-07 21:40:41,Sample comments 299,Sample resolved 299
6a9d5556-42d0-4b06-9960-5de2a4f2009d,9997,6674,2013,2024-07-24 21:40:41,Sample comments 300,Sample resolved 300
1eb129b8-51a3-429e-860c-6ccf9b466909,2652,7684,2274,2024-09-05 21:40:41,Sample comments 301,Sample resolved 301
2fec03b0-9691-47f1-8a89-4553aa69f35e,8039,375,1667,2024-09-30 21:40:41,Sample comments 302,Sample resolved 302
0757e6bc-e3da-4205-9252-02376c4e3197,4364,1248,7307,2024-04-10 21:40:41,Sample comments 303,Sample resolved 303
9ea72769-666f-46a7-9639-6f202a936acf,2802,2343,5800,2024-07-15 21:40:41,Sample comments 304,Sample resolved 304
7dd6d45d-5bc8-4a7b-984c-25ca507349bd,4608,810,487,2024-05-06 21:40:41,Sample comments 305,Sample resolved 305
a3f849bc-b66c-47b0-8602-5fa83d337f52,6168,4101,9914,2024-08-24 21:40:41,Sample comments 306,Sample resolved 306
ba10c76b-bbfa-4c6d-b639-213455d47811,7389,5917,2012,2024-02-10 21:40:41,Sample comments 307,Sample resolved 307
7ec04921-9883-48dd-ab09-bde3de243133,2748,9143,1551,2024-07-23 21:40:41,Sample comments 308,Sample resolved 308
ed17942b-2946-4cab-b4d9-91c182cfe1c0,5412,2704,3108,2024-01-08 21:40:41,Sample comments 309,Sample resolved 309
b7ffad4c-590d-45a3-9552-15a8defa3468,8049,2482,4719,2024-07-13 21:40:41,Sample comments 310,Sample resolved 310
6d41f36d-7940-48b1-813c-b05958c6a651,5204,1565,6214,2024-06-07 21:40:41,Sample comments 311,Sample resolved 311
4ae2e078-eca1-41de-91b7-cb1c98d902ef,7717,9644,9475,2024-03-28 21:40:41,Sample comments 312,Sample resolved 312
725ebdac-9499-4b22-83af-6f68e75f8035,2045,7770,6310,2024-06-11 21:40:41,Sample comments 313,Sample resolved 313
52479d6e-235e-46b5-af98-fae7280aef69,865,9389,4884,2024-02-15 21:40:41,Sample comments 314,Sample resolved 314
565d1473-f376-4299-a267-f56c5c910fd1,3041,2523,8000,2023-11-24 21:40:41,Sample comments 315,Sample resolved 315
97bd3280-dd14-4ee2-8a66-95a66af524e4,6607,6844,3858,2024-08-04 21:40:41,Sample comments 316,Sample resolved 316
f928e144-55b0-4a3d-a778-4ae69c37b48d,6472,9923,1577,2024-04-21 21:40:41,Sample comments 317,Sample resolved 317
04ae45e8-c415-4442-9db4-d21e5c7ac5b4,3499,7710,755,2023-12-29 21:40:41,Sample comments 318,Sample resolved 318
0104cede-e4af-49b1-8573-3a93e71004fe,2830,4921,4584,2023-11-27 21:40:41,Sample comments 319,Sample resolved 319
1a5b032c-0096-4fcd-9fb7-b6846d68aaef,2673,7116,5153,2024-06-17 21:40:41,Sample comments 320,Sample resolved 320
b643c468-0ca8-40d2-8f0a-f8b184395e4a,7890,4002,2536,2024-04-19 21:40:41,Sample comments 321,Sample resolved 321
3cac6cb2-fcde-4a6a-9fd6-e488f3875dfe,9187,6213,5822,2024-01-03 21:40:41,Sample comments 322,Sample resolved 322
178392c0-09f4-49c7-a74e-e38dfa40fd65,7877,4388,7627,2024-03-25 21:40:41,Sample comments 323,Sample resolved 323
89a95b35-fa69-4331-ade7-5621d404987b,336,5958,6641,2024-05-30 21:40:41,Sample comments 324,Sample resolved 324
0942761c-fe2f-4896-bc38-92bce81dc976,6977,3351,4369,2024-01-01 21:40:41,Sample comments 325,Sample resolved 325
