employee_id,department_id,position,annual_salary,hire_date,performance_rating,last_raise_date
44b29b2a-9d81-4ad8-9007-5347e87aa97b,7013,Sample position 0,9337.3,2024-09-20,5664,2023-12-04
58433413-6b26-4052-90f8-2ca8e9250291,8318,Sample position 1,890.24,2023-11-20,3666,2024-05-17
cf06f41c-564d-4e50-86b1-11d050fba4f4,5078,Sample position 2,1125.74,2024-11-12,786,2024-02-02
e62844d1-808b-480a-9025-ff97277d9a1d,8654,Sample position 3,5601.15,2024-01-01,8769,2024-06-24
33a919c7-3092-46c2-b1eb-93e90c062a62,5292,Sample position 4,2308.83,2024-06-02,5481,2024-06-06
c19d75e1-536b-4b51-a279-7c106b8e303a,1425,Sample position 5,9189.51,2024-08-11,8703,2024-09-21
ed175a47-56ec-4751-a2ea-4426773802d3,7880,Sample position 6,6035.59,2024-06-10,888,2024-02-29
c1f649c9-f8b3-4032-895f-d4d5f2b2a757,4295,Sample position 7,3054.47,2024-08-28,8831,2024-05-31
c1f049c6-9c38-48eb-aa70-d348048f3f3b,4605,Sample position 8,8504.2,2024-11-07,2189,2024-08-12
f74acf5c-5373-4aa6-8b3f-a3cb50405596,9832,Sample position 9,1506.86,2024-08-31,5270,2024-05-20
365977ed-ecce-4a30-a77b-ceb4f11d10c0,1606,Sample position 10,2349.04,2024-11-08,4831,2024-02-08
35c6018b-4f7d-4778-a6cb-baaf5d8e66a2,8391,Sample position 11,3446.11,2023-12-03,8181,2024-05-21
83431aa1-8b8d-48c2-990d-d2b7fb3e5e22,2078,Sample position 12,5332.88,2024-06-07,8609,2023-11-15
33eca870-f6d5-4631-9267-261dc218d8fa,7095,Sample position 13,554.15,2024-08-24,3718,2024-08-26
3b568b9b-ae26-4e98-9839-1b52baab0b19,792,Sample position 14,7196.94,2024-04-13,2495,2024-03-30
5f869cdf-2a92-47f6-84c8-74da8b8d4a4e,721,Sample position 15,1491.5,2024-04-24,4615,2023-11-16
4402430d-4189-4073-af37-ada6b570c27e,1372,Sample position 16,6546.62,2024-09-30,9995,2023-11-18
ff665199-8a42-46eb-b30a-64eb10ebf8cc,8044,Sample position 17,5516.31,2024-04-27,6631,2023-11-15
a2cfe870-0293-4578-8222-2290fb420d34,907,Sample position 18,7744.31,2024-04-17,3871,2024-04-04
d74eca48-60ab-47f2-8d34-c04d46589f07,1414,Sample position 19,5058.63,2024-07-24,973,2024-03-27
4a0e531f-f513-4b60-8e99-6459e1864c8a,8086,Sample position 20,1648.8,2024-02-21,1385,2024-04-11
76583330-b892-402a-8f85-a33ede2b832e,1491,Sample position 21,4971.53,2024-01-12,7552,2023-11-13
f603a016-f0d3-48b1-b05f-3c00204bfb7f,8125,Sample position 22,2323.78,2024-05-01,988,2023-12-11
dc73fe4e-6b77-49b0-a888-deb70f97f174,4745,Sample position 23,3298.06,2024-01-21,4568,2024-06-13
2e5d62cf-17b9-439d-81e4-17dbaa673a5b,173,Sample position 24,7605.5,2024-07-27,9358,2024-07-23
4559fc33-d24e-4e00-bc0f-befffef328e4,9201,Sample position 25,6927.78,2024-05-21,5279,2023-12-03
1271adc7-14d0-49a8-9c03-5b4f7cb8cc27,4326,Sample position 26,5869.48,2024-09-05,7352,2024-08-19
e935e635-76ab-469f-a070-981b2d2df6de,7657,Sample position 27,8822.51,2024-11-04,7216,2024-06-18
c147d8ca-8619-4b29-af48-410cbe426bbd,6939,Sample position 28,2472.4,2023-12-29,4658,2024-07-31
ecc95742-73c4-4d95-a574-8174435114a0,1810,Sample position 29,5860.55,2024-05-03,6782,2024-05-21
340bf5f6-dfb0-4340-b9c8-066da778919d,4568,Sample position 30,7692.24,2024-07-16,1683,2024-05-15
2248c8ed-4e62-45e0-927e-689085bf8cb3,8779,Sample position 31,2936.03,2024-03-24,2172,2024-06-16
0b307621-8d9e-48aa-852f-a36b815a24ad,9998,Sample position 32,6873.84,2024-11-04,3526,2024-07-26
e5726d09-c141-4f4e-b736-6a3ac48a869f,9639,Sample position 33,7609.14,2024-06-24,6234,2024-07-03
ce7c3762-8846-4eab-81cb-36c1d5552f4f,1256,Sample position 34,5700.12,2024-02-13,327,2024-05-10
4d1b4da7-a1ca-4271-b939-22f2e1c8d96e,6983,Sample position 35,5255.91,2024-07-16,1614,2024-02-21
76da860a-93c3-489c-9a0c-9602828a6c04,3902,Sample position 36,6861.6,2024-11-12,9348,2024-06-26
b3813fcf-d8fb-4970-b754-5aff290bc2c5,3764,Sample position 37,2513.66,2024-05-25,6345,2024-05-07
ff0127dd-d598-4217-ac61-4241bf19dc70,8620,Sample position 38,7891.07,2024-08-15,456,2024-04-28
784f4ead-e547-44aa-a7a3-02dd1eb1e076,6137,Sample position 39,5862.5,2024-10-03,4526,2024-09-15
b18879b9-6409-4825-acb4-f4579a170043,6146,Sample position 40,3700.36,2024-09-24,7888,2024-03-14
4b9db2eb-587a-483b-bfba-cbc42d7372c1,6889,Sample position 41,9247.19,2024-02-24,5848,2024-11-06
3b29f0ce-607c-427e-af5a-526ea836101d,9627,Sample position 42,3783.53,2024-02-23,6372,2024-06-21
e9cb7ed9-920f-4449-997a-221698c0fc81,3585,Sample position 43,6219.65,2024-05-19,2069,2024-09-01
cfe63d6b-16c2-45fc-aae4-339291422bd7,9204,Sample position 44,9813.08,2024-01-30,6178,2023-12-06
cc6565a7-c956-49ad-9ce8-6b2f01a1518e,3850,Sample position 45,3577.96,2024-04-23,6775,2024-04-07
f6ba5e2f-f049-41bd-b930-c18d2bddea07,369,Sample position 46,7172.45,2024-06-16,4228,2024-04-09
66f99003-a94c-4684-8288-33ec8d4a8f03,1847,Sample position 47,4936.53,2024-01-02,3887,2024-10-08
8a589bc0-50a5-4502-bc64-b908b3346970,8077,Sample position 48,128.1,2023-12-01,5716,2024-08-13
b9be6b47-6514-44f8-8d14-ebe057815789,5991,Sample position 49,7452.81,2024-07-12,6245,2024-05-25
ba6f2297-a2cc-4a10-942a-71a9726c414d,6582,Sample position 50,5492.3,2024-08-11,7604,2024-08-17
9466c825-44a5-485e-9066-d1b70aede764,7573,Sample position 51,3606.49,2024-04-21,6627,2024-11-11
7e14905f-bbe0-4e72-83ff-51f39f167673,2998,Sample position 52,118.06,2024-03-25,143,2024-03-28
c67f57a5-1789-44fa-b694-9740acd526e5,3531,Sample position 53,7879.11,2024-06-13,1165,2024-09-04
1ab895ff-22d2-49f5-ba84-e54f7b2b59fe,5759,Sample position 54,3959.37,2024-01-29,8299,2024-03-17
8d9a3fe6-a492-4a68-874e-b2cd68b576b9,5349,Sample position 55,8277.64,2024-02-26,2640,2024-03-03
3172c52b-ed19-4dd5-a403-6feb3b8475e2,8442,Sample position 56,7555.84,2024-08-01,5713,2024-10-19
d430e642-9278-4f77-b7ce-ed4c25b70caa,2376,Sample position 57,3570.67,2024-08-09,1628,2024-10-13
c382967b-d9b1-4c01-90bc-334af09891eb,4307,Sample position 58,6383.11,2024-09-21,699,2024-09-09
7f117dc9-6a63-4e70-b51d-298b83f1faf8,5935,Sample position 59,3135.96,2024-05-14,6768,2024-04-27
08011595-e509-46b7-9e11-761cd3a8fe47,8892,Sample position 60,7363.25,2024-09-27,7349,2024-08-10
282a83aa-ad29-483e-9cbb-e55d11cf21f6,4253,Sample position 61,9533.74,2024-10-14,2373,2024-09-08
a9c81dfb-3562-4c79-804c-b544f7d2bb73,9465,Sample position 62,9610.48,2024-05-28,9930,2024-03-25
5330bdc0-f325-4470-aed2-b367a8d60f12,5753,Sample position 63,2575.89,2024-09-05,525,2024-09-16
c09fe150-f963-4fc1-80a0-cddb276829f6,9211,Sample position 64,330.65,2024-10-25,8074,2024-01-04
741c3567-cd2e-4cdf-bfab-5d997ce664c0,3834,Sample position 65,7538.98,2024-03-20,9517,2024-01-12
7a746bd7-565b-4bfe-91a5-ad75e2f78454,8227,Sample position 66,4493.87,2024-01-18,7986,2024-07-23
a4229f10-2e20-400c-be4e-8977878b19e7,8454,Sample position 67,9130.43,2024-04-02,4960,2024-05-09
922679f7-ebff-4a43-bf6e-f9a28485b7e8,1917,Sample position 68,2827.71,2024-04-08,3738,2024-05-09
f1a8bfd1-ea41-4aa5-8cc9-32b071b69002,8052,Sample position 69,8365.75,2024-08-03,8620,2023-12-18
a9dcfd4b-d3e2-4366-a1c5-e55e7b14d1fc,9099,Sample position 70,4778.16,2024-08-31,1516,2024-08-29
dcf4bdbe-df57-4cd8-855c-d06a9ad5ea41,3375,Sample position 71,8297.68,2024-08-28,6442,2024-02-11
a2574679-6621-482b-88f8-00ebc4c47550,4153,Sample position 72,6431.13,2024-04-11,6427,2024-06-29
52f916b2-ecac-41be-a493-d5216c10d35a,9056,Sample position 73,4145.7,2024-01-24,7701,2024-07-11
17b7d288-e020-4252-9f7e-62546e4bed9a,183,Sample position 74,2771.77,2024-02-24,8855,2024-01-18
1082a11f-4550-4998-8b4b-0c43796b7174,5516,Sample position 75,145.96,2024-01-20,211,2024-10-26
80aa7158-b5ac-4cd2-ad9c-7544ab7981d8,1185,Sample position 76,2455.34,2024-08-21,5694,2024-06-30
990c53fb-7746-4ac9-ab14-8c15eb35e761,3343,Sample position 77,7482.12,2024-04-21,5158,2024-02-02
90d843d4-94e7-425a-ac6f-8cb0b3a120e2,6506,Sample position 78,4783.46,2024-04-15,3047,2024-07-17
a4a28524-7405-4a17-8f8a-0b7b184e4a8c,3662,Sample position 79,6954.44,2024-07-22,3431,2024-10-07
f08e5d37-92ec-457d-8a0b-318d808e61ef,9577,Sample position 80,6593.18,2024-01-30,5156,2024-01-06
868d0c09-10b8-4eb4-9861-30a0c7e6d934,6024,Sample position 81,6935.93,2024-01-02,6395,2023-11-19
d8be3a8e-d63e-4cf5-907f-3dd95d5adf75,5594,Sample position 82,9520.04,2024-09-29,612,2024-10-23
9d653fbb-5293-46c4-88bf-46c6c42c197e,2208,Sample position 83,9372.71,2024-04-12,6478,2024-03-13
5a35b87d-c6a0-4454-b969-64d4eba0cbcc,7687,Sample position 84,1150.12,2024-03-23,8294,2024-09-09
d8e7cb03-8dc9-41a5-8380-3440f960951a,4587,Sample position 85,6301.12,2024-05-12,4514,2024-04-18
0421cbd5-be14-4979-af19-cf768bbb7658,1814,Sample position 86,6976.74,2023-12-29,1343,2024-08-09
1dfc4bba-047e-4f80-9ba1-0a4f812facbc,6046,Sample position 87,5546.34,2024-08-02,4292,2024-09-26
95c5599a-597a-4eb0-805b-18f509b1e3c3,3520,Sample position 88,5433.79,2024-07-17,1075,2023-11-17
429a4642-3b62-4d33-83e8-ce2da7fde0bc,2528,Sample position 89,9062.21,2024-06-19,5215,2023-12-02
50915f64-1398-47c3-ab27-8c7d367fd280,9545,Sample position 90,7864.34,2024-06-26,2124,2024-01-22
785129b3-98e2-4982-808d-982d7feae8a8,8600,Sample position 91,344.17,2024-09-05,2344,2024-08-22
2cadac80-5261-4c61-896e-f519c86e3a1f,2359,Sample position 92,6335.9,2023-12-13,4545,2024-04-06
2484c36e-5aa8-4c60-934c-db9c2855eae6,6455,Sample position 93,343.86,2024-06-24,4618,2024-07-20
00f1e9ef-6d0d-4306-9ceb-7f9e2c359ce0,4070,Sample position 94,2448.61,2024-06-03,6120,2024-04-25
d63631a8-35a2-469d-aca8-db5fc82b3591,130,Sample position 95,8457.32,2024-07-30,849,2024-09-25
26a4493b-c8b5-489d-a89f-26ccb85ccf47,9005,Sample position 96,9041.01,2024-09-22,390,2024-05-25
3888d334-ec2d-4001-b50c-afac5738c5d4,1641,Sample position 97,7852.83,2024-10-08,7145,2024-05-20
b0e7eef7-408a-4fcd-9cc1-de4e731b54a6,9334,Sample position 98,7356.98,2024-08-13,4084,2024-03-02
36fa7ccb-50da-4bd3-8ac9-508780a16acb,7239,Sample position 99,6662.74,2024-03-24,1241,2024-08-13
34bf3963-e5fc-4df6-b64a-8162fd9c81e1,870,Sample position 100,3144.27,2024-01-25,6894,2024-06-17
cf27a6b0-256b-4958-a97c-9d408783381f,4459,Sample position 101,5891.35,2024-10-21,1595,2024-03-26
c8c4feb1-c886-48d1-9855-0044063ff12d,2214,Sample position 102,5638.4,2024-09-28,8096,2024-01-08
f8911e8b-2bcb-4128-bfaf-758e9a343c0c,5610,Sample position 103,6127.41,2024-05-25,8733,2024-11-10
c52b046f-c470-426a-aa8b-335c1c44cb05,7844,Sample position 104,5260.57,2024-05-28,7354,2024-01-29
1bec7051-6a3b-4047-8859-04d42d3e62b9,6811,Sample position 105,6628.8,2024-07-29,7878,2023-11-24
f7c6c911-abf1-4a5a-a832-190baa028f7b,5225,Sample position 106,8491.9,2024-03-16,2703,2024-07-22
fa8cf029-8881-4d49-bf36-83af196191af,4436,Sample position 107,523.78,2024-01-11,9248,2023-11-24
41ad6f12-3e6a-42fc-a172-38b616ef4936,7994,Sample position 108,7065.92,2024-10-13,965,2023-12-18
e96ec0e6-1f71-4a6c-a65b-87dec7a5f480,3328,Sample position 109,4611.79,2023-12-14,2625,2024-02-09
a58139fe-4984-465d-bc78-ed869819c03b,7049,Sample position 110,9300.98,2023-12-10,6231,2023-11-13
d8b34f60-5a81-48b5-ab48-a8686d916749,320,Sample position 111,427.85,2024-10-18,9687,2024-05-19
aa0b983b-eb78-44c2-903f-54c629a3822d,5594,Sample position 112,2135.32,2024-07-20,4010,2024-06-14
b3c8f23c-7338-4a3c-b2a1-c01db2bde107,3651,Sample position 113,6744.46,2024-08-19,312,2024-07-18
b2c73e12-6d52-46d8-a96c-2673fe6e5a26,138,Sample position 114,4103.84,2023-12-07,6399,2024-05-06
11956cf1-1795-4915-973a-2599287b9f67,1708,Sample position 115,3164.84,2023-12-04,4806,2023-12-27
2fd8d1c9-c223-4b72-a1f3-2dbda6ae7163,7587,Sample position 116,3066.84,2024-10-05,9290,2024-07-02
c45bd7a6-cf14-4d40-8f74-cf7c4a840f63,2326,Sample position 117,8153.77,2024-04-04,8948,2024-10-14
37972660-b576-4206-914b-2696b7a26407,5577,Sample position 118,7826.23,2024-05-27,7091,2024-01-28
9b4d16ac-c42f-4adf-b799-73d923c6a165,1812,Sample position 119,6124.2,2023-12-01,3298,2024-07-31
5ca70316-7fe3-4f52-a84a-764620bf3e53,2553,Sample position 120,3726.24,2024-04-06,6264,2024-10-03
a0be7afb-7c8b-4a8c-b8fb-2481bd9cc7eb,7148,Sample position 121,9259.83,2024-11-11,8507,2023-12-26
609839e6-af07-439e-808d-8bfd4f50763c,9272,Sample position 122,6336.97,2024-02-03,8818,2024-02-11
8dc1b115-ddc3-4480-bdf7-54e7e64f6ad3,6189,Sample position 123,9075.28,2024-03-28,5728,2024-05-03
c73df625-3f14-474c-9cd1-24a26c10772a,471,Sample position 124,6810.74,2024-11-09,6534,2023-11-25
aa9ac3fb-d54d-4ffc-ab9d-0a8715f42fc8,9082,Sample position 125,4800.84,2024-01-02,3839,2024-05-18
47b498d9-0b76-480b-90c8-e2ce70f84f25,8921,Sample position 126,7390.76,2024-07-17,3871,2024-06-29
bb152c79-c624-41bd-bf3b-facd0506a952,3050,Sample position 127,2990.3,2024-10-23,1878,2024-04-19
c3fc9b34-f720-4a73-9263-bd987a2804cf,146,Sample position 128,3358.96,2024-06-17,489,2024-04-13
9ab80ef9-c234-40ec-a302-6796b670e152,2546,Sample position 129,7706.69,2024-08-17,9334,2024-03-02
97c73b27-677b-4f80-bace-83f8644ac615,9883,Sample position 130,8901.91,2024-08-15,6771,2024-09-14
441367cb-84c4-4bef-82af-5952366625c4,5558,Sample position 131,9171.23,2024-01-03,4810,2024-08-12
46cd2196-200e-4807-aebe-ccc2fb59b1d0,9411,Sample position 132,5982.63,2024-08-07,5786,2024-06-05
db1f8f3d-d454-4b48-bd87-40b5cdb3161b,996,Sample position 133,3074.77,2024-04-16,4868,2024-07-29
0a5d5cbb-6d66-410c-aaf2-33b952e8040b,4447,Sample position 134,3921.57,2024-07-19,8450,2024-01-04
f1f238b5-c8ef-4140-a7a7-ff13f29bb7e2,3491,Sample position 135,9947.91,2024-09-29,1227,2024-09-12
9a321ee8-106a-4906-90dc-bc89d3a02557,9607,Sample position 136,9279.48,2024-10-24,2691,2024-09-07
769f531c-7927-4e62-94ef-50999d795ebb,6601,Sample position 137,1629.48,2024-06-10,8931,2023-11-16
aa23a96e-ea8a-4f34-bfc7-7e2e343b8cfb,6768,Sample position 138,7156.88,2024-08-13,3175,2024-03-14
eb299950-14fc-4f38-aeda-657aefcf8bcb,5008,Sample position 139,5533.13,2024-07-16,8182,2024-05-22
21875b2d-52da-4f51-a859-c5af3b74bbf1,9742,Sample position 140,2600.58,2024-09-14,6370,2024-07-31
c8fa6ef7-2469-432a-9547-14f60faad3ac,7028,Sample position 141,6548.56,2024-01-17,4059,2024-06-23
423ab93a-fdf2-40e9-82dd-71df878aa25a,5756,Sample position 142,7833.63,2024-02-09,5726,2024-11-02
a643956f-2492-408e-939d-51317335acc5,4632,Sample position 143,5853.11,2023-11-21,8281,2024-03-03
08b0b4ba-f290-4a8f-9f83-f16d2827621f,9800,Sample position 144,3932.87,2024-07-24,6635,2024-01-29
ba0934b3-a610-4a82-a707-1eb6a7dcdd9a,8720,Sample position 145,2800.14,2024-07-10,6775,2024-09-15
0c64e84b-552a-4bd2-a999-e66b2b684e87,8897,Sample position 146,6770.58,2024-01-07,7510,2024-02-19
b4693413-7420-4473-9773-bc10e2fba99c,2194,Sample position 147,3020.55,2024-01-21,1019,2024-05-10
abf64c31-0122-4a9c-a5ef-7f266d3f00f3,790,Sample position 148,620.93,2023-12-04,3177,2023-11-26
e7354db6-b140-4cc3-94f1-85bdf4743744,2252,Sample position 149,1064.22,2023-12-08,4745,2024-05-20
0ca0fbf3-fcae-402f-9579-89d771ffcf90,4164,Sample position 150,9159.68,2024-07-24,9445,2024-02-05
2e676e69-4df0-468a-befe-28b1ed3000e2,7669,Sample position 151,401.6,2024-11-08,4219,2024-06-06
29f8793d-2639-438b-97aa-13d9d26e93a9,6618,Sample position 152,2746.47,2024-04-07,2947,2024-09-15
f637604a-c683-4332-b202-7744dc416f2e,5568,Sample position 153,5197.26,2023-11-15,9040,2024-05-12
6690f40c-834e-48dd-ab7f-00fa0ec32811,4182,Sample position 154,521.73,2024-04-02,2151,2024-08-10
7fbc6663-55b9-4760-929a-f1cfa24ed9f6,9170,Sample position 155,4277.11,2024-07-26,6557,2024-09-03
701be3d9-0855-400d-a7dc-cff5f6ba0a4b,8542,Sample position 156,5206.92,2024-01-10,4963,2024-07-24
f3128152-a77e-4f20-8e39-9ef609ca792b,9226,Sample position 157,6009.44,2024-07-26,3661,2024-09-28
d6fad9b3-8fe6-4b19-9933-ff66a4a17422,9438,Sample position 158,1234.45,2024-08-17,909,2024-07-01
5bd58754-612c-4830-a8ed-47dc7b260127,9080,Sample position 159,3390.61,2024-02-24,2775,2024-08-04
53ba3ef5-cb16-4daa-bc18-2544f0516b7c,6282,Sample position 160,2591.62,2024-09-14,8236,2023-12-03
9b8bd879-9922-4ace-8e95-87a140f9497e,1478,Sample position 161,1679.58,2023-12-24,6514,2024-06-15
968982b5-5f32-43c3-92bd-41e657c2d7a1,4894,Sample position 162,495.57,2024-02-23,4595,2024-09-24
eb606d7d-7fa2-4445-81ff-05069774c3be,1383,Sample position 163,3501.72,2024-01-14,3449,2024-02-12
caea4450-b5f9-4743-a3ef-75febeb94f25,8174,Sample position 164,1676.25,2023-12-21,5296,2024-07-30
7dadc5aa-3f9b-4df1-b503-63dad891ca1c,7766,Sample position 165,4396.17,2024-03-03,3357,2023-11-16
75376d65-4548-402b-a434-d3e69bfe24c0,4994,Sample position 166,1486.5,2024-09-28,6069,2024-09-04
5ce3555b-ce46-4792-9951-260827fc8891,9555,Sample position 167,8332.6,2024-08-15,5647,2024-10-24
0bb01782-4ede-468f-8f62-0706e65a7426,7031,Sample position 168,4415.47,2023-11-13,7864,2024-07-28
64b79d4a-b095-4ea2-802f-1d0f11d86083,8908,Sample position 169,7846.49,2024-08-23,6035,2024-01-06
80991e9b-bdf3-4aba-87ba-2c7589028abf,1064,Sample position 170,604.29,2024-09-20,6512,2024-07-22
5fb0afc6-bdea-4371-a35c-5318c67d7154,806,Sample position 171,777.32,2024-03-16,6809,2024-06-27
155e3790-d353-423f-8b23-55f275f40485,4737,Sample position 172,3995.39,2024-09-06,3524,2024-01-29
8f881c62-7a1d-45f6-9022-1a510c0747b1,123,Sample position 173,5585.82,2024-04-17,7189,2024-11-12
6f9acbbd-e6cd-4cd8-860f-4cd864bfab64,3601,Sample position 174,7179.95,2024-11-01,1283,2023-12-18
cdfbaaed-2df3-46af-a92e-e785db2758b2,5952,Sample position 175,4920.49,2024-03-28,7564,2024-05-17
1a71c2d2-daf2-48e8-85c4-4f27ec08c550,6067,Sample position 176,7436.94,2023-12-16,4497,2024-08-09
b61ae45f-2b8c-47a1-827a-589777472931,7025,Sample position 177,869.71,2024-08-06,1974,2024-07-23
4828b996-df3a-4293-962b-34f012183e7f,3103,Sample position 178,2337.12,2024-02-12,2918,2024-05-31
9ce9ab1c-01b7-49a5-b5bf-7805a875d5af,2906,Sample position 179,1515.66,2024-10-02,4188,2024-08-17
5f33df08-3139-4038-ab51-dbbb3ccbb2d4,2651,Sample position 180,121.86,2023-11-13,2856,2023-12-14
ea9d3e34-e635-434b-b2a5-1f8c9389dfdc,3488,Sample position 181,648.29,2024-03-07,3293,2024-09-25
ad1735ae-c0e6-425a-acab-2c926a22e917,1121,Sample position 182,4258.61,2023-12-12,7727,2023-12-08
7f90c0c6-65a3-45ed-ba35-abea73a9dca5,1713,Sample position 183,6425.93,2024-01-03,5373,2024-03-02
8825b8b1-69e5-4680-b724-9cf3fc0243b2,2430,Sample position 184,8492.98,2024-08-11,220,2024-01-30
91634fb0-5ae0-43d1-9a1a-d47cbf86916f,628,Sample position 185,3170.51,2024-02-06,2654,2024-06-19
464d68e0-2805-41e7-9852-3fa1aae564ef,8839,Sample position 186,5056.2,2024-06-14,1563,2024-04-24
08cc5ce7-237d-4d57-8a63-132e9ca44961,1938,Sample position 187,2995.95,2023-12-08,5798,2024-11-02
489c6f12-7ea7-4475-a869-60884e581701,3193,Sample position 188,9732.34,2024-08-30,9072,2024-07-08
a69c4e9d-142e-49b2-baec-de832d6b546f,7123,Sample position 189,8585.05,2024-05-18,2706,2024-03-07
db1e9278-8e32-4d8c-bf02-2533382d44cc,8043,Sample position 190,2672.45,2024-09-30,9662,2024-01-23
b59b00ad-542e-4d94-87e3-64caf87ecba6,1160,Sample position 191,4447.71,2024-08-22,5957,2024-09-16
b459d2bd-d58b-456c-9491-366569c3fd83,8283,Sample position 192,3091.27,2024-03-11,5331,2024-02-21
c14ae1d9-af31-4532-ba59-55df08439307,9978,Sample position 193,6551.73,2024-03-28,822,2024-06-23
c77a9b43-cf28-43fb-ad85-c4d7c518e9ad,5427,Sample position 194,6403.81,2024-09-24,8092,2023-11-21
2fc9bad3-bdce-430d-be79-52798dcaad90,859,Sample position 195,7999.27,2024-08-29,1694,2024-07-10
d2e68557-a2e4-4b5a-ad0d-d86cc8e8bf59,9502,Sample position 196,4479.77,2024-02-10,6764,2024-11-06
b08db403-71fe-42be-8a99-ed12538ce908,9017,Sample position 197,1537.24,2024-02-16,1362,2024-07-06
b50f4c6d-67a0-4211-a28d-caa36c07b559,5254,Sample position 198,425.02,2024-09-03,3802,2024-11-07
2c7ad640-a456-4abb-8072-ccaee6dd20f1,5831,Sample position 199,246.11,2024-01-13,3453,2023-12-24
10ca2a0d-51e4-498e-8ff1-62872df9f712,7420,Sample position 200,4658.59,2024-08-13,5229,2024-10-26
f749eba4-7155-4726-9047-322413c0bb33,9203,Sample position 201,9351.66,2024-06-03,1658,2024-01-12
d2ba9ea3-3ed5-428f-906f-b7acd2eaeb06,6511,Sample position 202,6929.25,2023-12-20,9524,2024-05-18
fec7868b-a598-43d6-bda6-c82acc53cdc0,5121,Sample position 203,1453.77,2024-03-20,4254,2024-01-27
188e1d14-d226-44c3-914f-f92151d0ed90,9420,Sample position 204,8318.89,2024-04-30,1454,2024-04-04
852c7746-63d6-4471-b3bd-9e0c99741613,9570,Sample position 205,8781.19,2024-08-11,9327,2024-02-28
c82147f4-c63c-4bdb-a10b-b2eff3bb7eb9,6831,Sample position 206,8403.04,2024-07-05,1446,2023-11-15
af376973-c650-451e-a56e-870cff472e34,9913,Sample position 207,7703.42,2024-11-12,1642,2024-04-08
8a1baa00-1aef-4c2c-98ea-ae6f967dead7,714,Sample position 208,1564.07,2024-02-21,1795,2024-10-29
eb9960be-94b8-4e76-97d8-17ddf2a8fdc0,1550,Sample position 209,3817.18,2024-03-14,8386,2024-07-06
76a9bde3-4639-4be0-99c2-ac6a23c9aba8,3555,Sample position 210,1964.54,2023-11-16,8131,2024-07-14
5d5b9229-adf7-4fc6-adda-1e3c08b9c5d7,6187,Sample position 211,9067.96,2024-02-14,8564,2024-01-20
2bf7de6b-2346-4a66-8fd4-1a36d0da930f,8306,Sample position 212,5283.02,2024-05-16,132,2024-10-29
601ecece-ef7a-4344-a086-cde2c4ca604b,2115,Sample position 213,4883.04,2024-09-24,7031,2024-10-07
e862a6d9-a0fc-42fc-9184-4283c00ef0d0,4053,Sample position 214,951.78,2024-02-17,332,2024-04-01
5a4fb822-2653-4403-b48d-cd705f3b558c,3694,Sample position 215,913.47,2024-01-02,1388,2024-04-11
7f692ec9-c6cf-4e24-84fc-2fc508181575,6427,Sample position 216,3654.75,2024-10-14,7092,2024-05-17
2ebcb77a-d3fb-4409-8dd7-ce451d24502d,7082,Sample position 217,8983.71,2024-10-17,4001,2024-05-02
21c8fbf7-f898-48df-8855-fe5a3d1690b2,2177,Sample position 218,542.85,2024-11-01,9109,2024-09-08
08de8e86-21d6-413d-8bfa-61b1e9c9b89d,3454,Sample position 219,8383.03,2024-02-05,948,2024-10-28
d6572401-6cf0-436c-861d-126640fe9b47,6942,Sample position 220,6762.82,2024-01-28,8557,2024-01-31
97c62d99-2ab0-4392-b5d5-330a0e50e0ca,2333,Sample position 221,5300.46,2023-11-22,3356,2024-07-16
6053ef60-0c77-49f0-9f11-a15ddecc596d,1913,Sample position 222,4102.88,2024-06-03,7809,2024-02-06
21095fe6-81bf-455c-bb23-1fb718e00a9f,7239,Sample position 223,1525.93,2024-01-21,2323,2023-12-11
af703825-6e86-476b-9cf9-4c459a6198f5,584,Sample position 224,1582.94,2024-09-28,8755,2024-09-27
821512ac-c597-4107-aacf-f21c74a60cdd,985,Sample position 225,5926.53,2023-11-21,5722,2023-12-23
8123307c-fa68-4029-b09f-a79f25887a28,4735,Sample position 226,7722.72,2024-06-27,7829,2024-10-25
ca22e2eb-7f0e-4e7a-a417-86494645cc02,4541,Sample position 227,675.84,2024-10-15,1276,2024-05-03
23919467-b50c-4cbc-8e4c-18f36febf47f,997,Sample position 228,4680.02,2024-04-09,256,2024-07-02
eef265af-2563-4bfb-8528-71ff9683558c,5629,Sample position 229,5358.29,2024-01-29,6346,2024-02-15
e5e5ab53-2a22-4203-bbdb-3b27bbd0a33f,6516,Sample position 230,6567.03,2024-04-13,603,2023-11-29
e42bfe1d-82c5-423e-a407-5c3df145def0,7785,Sample position 231,1918.05,2024-09-10,3109,2024-05-15
78cafe6f-a0a8-4a26-b25a-3804812b3671,8985,Sample position 232,6878.14,2023-12-21,7600,2024-04-26
60b1032d-bef2-4bca-96ac-986e4c26e5cd,4690,Sample position 233,4595.67,2023-12-08,4033,2024-04-03
cd19c08b-407a-40dd-8b5a-788aabd77161,4916,Sample position 234,8399.55,2024-11-04,2390,2024-10-27
12b1e7f9-c105-4262-a79d-60feaf18e150,4873,Sample position 235,8623.72,2023-12-09,5202,2024-07-16
a2439f44-a82d-4984-94e4-be1b24effcf2,4235,Sample position 236,2103.92,2024-01-08,6422,2024-08-01
5852ca0d-3619-4b56-b501-ce5226cb1a57,3377,Sample position 237,4263.25,2024-02-27,6502,2024-09-09
a76f981d-3271-4976-bc40-5abe93605f71,6939,Sample position 238,6863.89,2024-10-26,4913,2024-06-04
a5f62a89-3e64-411c-bf55-f8651f596189,7918,Sample position 239,8263.13,2024-09-15,800,2024-09-15
b602bf00-b75b-4664-9755-72ca1cc888c2,6576,Sample position 240,7949.94,2024-09-16,451,2023-11-26
92ee39f2-df7c-49b9-aca5-2094d742e9f5,1262,Sample position 241,373.39,2024-02-14,8127,2024-03-09
b7fa58fa-839e-4ca9-b5fb-0e4baf7b4696,8308,Sample position 242,4383.21,2023-12-05,1898,2023-12-30
49394091-bb39-4011-90cd-ebdfc2a46f43,7396,Sample position 243,789.63,2024-08-13,816,2024-05-06
c2bde62d-7459-404b-815c-384a3e9baf59,9592,Sample position 244,2846.85,2024-03-06,7237,2024-01-28
d673c303-c1e9-438b-85d5-1a7fb40d3558,6824,Sample position 245,4002.75,2024-03-10,5686,2024-03-10
c1baee84-34b5-4e81-801a-fe5a8d98249f,3297,Sample position 246,9274.21,2024-11-09,9933,2024-06-21
b270e4ef-6f89-4520-979a-3e177a947c86,3797,Sample position 247,1320.55,2024-02-19,6931,2024-07-12
0506fcc4-4a87-4f86-a830-87c57bca3259,6508,Sample position 248,1424.09,2024-09-30,5858,2024-10-07
4b59b4bc-5edb-4727-a332-54a94e96559f,4460,Sample position 249,7716.49,2024-10-01,9721,2024-08-24
65e42fc5-bbdf-4cce-a35c-2523c916be5e,5786,Sample position 250,8014.67,2024-04-08,8834,2024-08-27
d0c2cd06-90e9-4490-8730-adcfd5b7e640,2546,Sample position 251,3149.07,2024-07-24,9106,2024-04-18
06958c07-e0ef-49be-abdc-4fb4f59b2a44,1094,Sample position 252,3491.31,2024-02-23,3173,2024-02-03
68d7ed20-a98a-4128-aeb1-3d49076c73fd,1649,Sample position 253,3583.25,2024-01-06,3556,2024-03-16
65d8ced6-29cc-4038-9b4e-9e988484f0d9,6128,Sample position 254,3067.58,2024-09-13,6005,2024-03-12
28a79a22-59bd-4197-b75d-a1cd2cebeeb1,3391,Sample position 255,2302.35,2024-05-14,1327,2023-12-18
25720beb-960a-4950-a252-0f5568a97a98,9519,Sample position 256,790.45,2024-05-05,284,2024-01-05
7e1cdbf1-00f7-469e-97d2-56816faec233,1569,Sample position 257,9819.71,2024-03-30,7825,2024-01-12
426788c3-a101-4eb6-b535-31523c64dde2,1087,Sample position 258,2412.68,2024-08-08,7847,2024-08-15
96fd179d-09cd-4982-bd36-7ec753b420e9,2476,Sample position 259,8090.6,2024-09-08,8559,2024-08-01
ce38b494-3acb-438e-bf9d-f7ef00370b7a,2610,Sample position 260,3412.95,2024-05-16,585,2023-11-24
683404e2-4e26-44b5-963f-e74942df95c7,9572,Sample position 261,2119.11,2024-07-24,2526,2024-08-23
bd72edea-aad6-4879-b7b1-759c14c452fa,3148,Sample position 262,1951.45,2023-12-11,774,2024-03-25
4656af23-1986-4862-b973-d1830b8f9f91,2412,Sample position 263,7538.4,2024-08-03,3376,2023-12-26
6af1a1bd-7970-4f88-aed7-088cedb39dce,4162,Sample position 264,7811.21,2024-06-01,9916,2024-02-26
688b9b34-465e-454a-8d97-563b1cbd6a90,3605,Sample position 265,1633.95,2024-01-24,5078,2024-04-11
d7792802-bbad-4c2f-880f-7ab4b8b7c063,121,Sample position 266,5946.02,2024-04-26,4991,2024-08-20
02593291-00e8-499d-937f-8709e48530f8,510,Sample position 267,2407.72,2023-11-29,8939,2024-01-27
bd28dddf-37c6-471c-bdb5-486f061c17f0,2892,Sample position 268,352.65,2024-09-07,3320,2024-10-19
4fe1938c-f3c7-4313-96fe-72d534a5a4f1,6499,Sample position 269,6599.89,2023-12-15,325,2024-10-22
18051375-d98c-4372-bbb0-1e6216874ea9,6810,Sample position 270,3592.26,2024-08-11,286,2024-10-02
3e8ba47a-8945-429b-aeb2-da3c4a3426b1,814,Sample position 271,5620.36,2024-02-12,151,2024-04-03
f38b9603-2950-402c-8fc1-571b06bc8ac9,780,Sample position 272,4066.55,2024-06-23,4410,2024-04-13
b488645e-a6cd-407d-80d6-c53cbc5f3219,7269,Sample position 273,3355.33,2024-10-22,6013,2024-03-07
df969552-eac2-446f-941c-d376cbbb6900,8615,Sample position 274,9298.67,2024-03-02,1306,2024-11-11
2f7c1eeb-ba3d-4226-b64e-144af45e726c,9809,Sample position 275,7542.44,2024-05-03,2110,2024-10-01
076b0abb-fc9f-4ddc-af16-e21fe8dbd000,2641,Sample position 276,2986.2,2024-02-13,5600,2024-04-27
cfe87e7d-28ee-40f3-9494-92b2c47c3fda,9427,Sample position 277,8656.62,2024-01-02,9926,2024-04-12
63c1d48e-3c36-402d-9c97-cdce6ca9b7fa,1668,Sample position 278,3396.44,2024-07-17,8290,2024-08-07
4b08ffd2-9fe5-478f-bd46-2577ffb64be5,9402,Sample position 279,155.01,2024-08-07,5080,2023-12-28
80fc9567-7cd0-471e-a8b2-b682eca033ad,5270,Sample position 280,8775.82,2024-08-02,2555,2024-09-07
a3df692a-d6ee-405a-86b0-9ec3a74ea14b,4498,Sample position 281,2135.48,2024-09-06,8650,2024-03-12
0ac7a1cc-5bef-4642-a12b-82bfe2369005,3488,Sample position 282,5925.72,2024-05-27,8588,2023-11-13
2f904e5d-6f16-4319-9abe-5883defd5712,594,Sample position 283,6829.83,2024-08-29,798,2023-11-13
7a8c91b9-e7a9-4c58-a9eb-8422660384c2,6396,Sample position 284,2947.54,2024-09-01,1838,2024-08-22
7fd44824-7a64-4990-ab30-90b373e544a5,2360,Sample position 285,2342.99,2024-09-01,3897,2024-10-31
c5166a52-fd57-4c9e-a89e-30a7a698c721,4705,Sample position 286,7900.39,2024-08-17,1552,2024-04-18
54ca6a4f-b063-4e18-9cc7-4069d0e879f9,5538,Sample position 287,9660.64,2024-09-25,3591,2024-11-03
cb90e3d2-679b-472c-b7f9-f149897cb3d3,4541,Sample position 288,4420.7,2024-02-23,9363,2024-01-27
057579e6-bb11-4763-800b-b08f9ce0633e,2541,Sample position 289,3807.54,2024-09-29,8922,2024-03-26
94ae1d62-38a8-44eb-8548-99383dc52b89,4510,Sample position 290,2725.52,2024-04-22,574,2024-10-05
6065a95e-9680-4e71-91e1-75d15225a835,1528,Sample position 291,7010.47,2024-07-06,1307,2024-04-10
e5a002d6-0b02-49b7-971e-8165b69082c8,3355,Sample position 292,1332.68,2023-11-30,6510,2024-04-21
ebc90127-368f-4bb4-976c-63e4ff6e09ea,9224,Sample position 293,5931.9,2023-12-15,6148,2024-01-01
3ef2aa9b-16f1-4a1f-bd89-51d943b56184,8061,Sample position 294,148.44,2024-03-05,660,2023-12-15
f9b42b5a-b478-4ef6-b589-ebf066ff3162,5572,Sample position 295,7120.73,2024-06-06,6090,2023-11-15
cde4685c-a862-4102-8c59-a66e577bebb7,8875,Sample position 296,8983.78,2023-12-01,5894,2024-09-06
ddc499a4-a155-4cfb-8fa3-1f618032db68,1222,Sample position 297,9738.09,2024-06-22,7075,2024-04-30
0abb05a7-bceb-430a-96be-4c2c9c5b8d06,6523,Sample position 298,5325.19,2024-09-21,1754,2024-03-21
88c680df-2bbb-4763-a63a-243ed3fe5a33,9945,Sample position 299,6308.37,2024-06-06,6986,2024-01-22
af2c35a2-40ac-489e-93f0-13020a4c6f87,1732,Sample position 300,401.86,2024-03-24,7273,2024-03-30
408baaad-cee5-4284-b1a1-2717ea230917,5298,Sample position 301,9018.35,2023-12-20,1037,2024-09-11
553ca02c-9e5f-4625-b0bc-68e5a6b18f7e,271,Sample position 302,3796.26,2024-05-19,730,2024-11-12
f44c7fe0-6e63-4b40-a5f7-216e02ef8057,1006,Sample position 303,9898.33,2024-05-07,8628,2024-01-07
5a9658e4-9218-452e-9b6a-812227fa75f3,3141,Sample position 304,5769.6,2024-08-04,2843,2024-10-05
ec5c82de-0720-4555-85ad-8232ac6b98f3,8447,Sample position 305,5476.28,2023-11-18,4846,2024-09-21
19042aac-1a76-4b76-8e28-24f4ec281390,5553,Sample position 306,7804.01,2024-07-01,4232,2023-11-29
6202f222-d95f-456a-a40f-4a1f48002d49,459,Sample position 307,4399.22,2023-11-17,453,2024-01-18
bed0a457-775d-4a34-a73e-b11594a68881,2260,Sample position 308,5761.63,2024-10-18,9820,2024-10-31
2cdb4a97-3818-44b8-8084-f93c460ef6be,7565,Sample position 309,2280.81,2024-09-13,1649,2024-06-30
03875215-aed5-40d3-8197-65e74962e7f8,2307,Sample position 310,4760.02,2024-04-20,8352,2024-05-19
d969ddb6-37b4-41c0-bba3-b58481f605e0,1307,Sample position 311,5595.91,2024-07-02,3768,2023-11-22
a36ea206-34fc-4b1b-9e92-9bab79607dbc,9935,Sample position 312,8283.32,2024-06-28,2203,2023-11-26
c186e19b-0416-485e-9301-52dbc1946ef8,8571,Sample position 313,2312.69,2024-09-07,2987,2024-07-08
c57ba5a8-d081-4461-8e18-83e14a41c70d,8248,Sample position 314,1548.72,2024-06-11,9154,2024-07-31
e99fe38b-e6e1-4490-938d-091729327a91,9181,Sample position 315,669.46,2024-05-29,5869,2024-08-01
669d6fae-fed2-4f44-b8c7-526cfdf274fa,7139,Sample position 316,3374.23,2024-10-03,6443,2024-04-29
1bbf4551-f5ad-4fce-aab3-aca59985495f,4897,Sample position 317,500.5,2024-07-09,3244,2023-12-18
c94f75ed-3a99-425c-bfaa-715de9df3314,5291,Sample position 318,4426.66,2024-10-29,4819,2024-05-05
8a05b824-f9aa-4334-87da-3a52f89bf4a3,179,Sample position 319,2605.51,2024-05-23,4908,2024-09-04
2184f490-294e-40ac-a29e-6e773af633b3,6050,Sample position 320,5362.85,2024-07-20,1879,2024-10-08
fad98816-6d37-4a9e-b003-8c705f57c383,1895,Sample position 321,148.61,2024-04-22,5596,2024-08-05
e30cb7e1-2197-4ceb-8d92-00db47823016,2203,Sample position 322,2745.94,2024-09-17,6343,2024-07-22
d7d74c6d-efa2-4342-afb8-cc333dcddc30,7961,Sample position 323,5776.13,2024-04-13,7412,2024-09-16
989a7caa-38ee-439d-bb59-dc50c99ee410,2930,Sample position 324,3408.82,2023-12-01,9419,2024-11-04
9d34faa6-63ba-4af7-92b5-8a292f824ac0,1486,Sample position 325,3091.21,2024-06-30,4427,2024-09-14
8d9c67db-9eae-4743-8041-a453f65c97a6,737,Sample position 326,5181.14,2023-11-29,3171,2024-10-28
cea04f47-6184-434f-8d31-983c85cd3e58,3818,Sample position 327,6107.13,2023-11-13,9779,2024-06-02
b02968c8-db7a-4a65-a506-a5e535929941,1257,Sample position 328,5988.21,2023-12-06,8941,2024-07-03
63169daa-5f57-4f24-85ac-2fa7354de063,3440,Sample position 329,3937.39,2024-08-17,8654,2024-02-27
358cd58c-67e4-4944-8e26-34a8f0c24e92,665,Sample position 330,5449.78,2023-12-15,3204,2023-12-02
a3052fa3-09c3-4332-9d0c-6f8df610cece,1804,Sample position 331,2805.54,2023-12-29,5298,2024-07-01
963670be-50c2-437f-817d-f43d76a48f70,350,Sample position 332,8149.45,2023-12-04,4796,2024-09-30
15dc661b-8c59-4043-8e91-6aaf76eaa6ab,4786,Sample position 333,6076.73,2024-11-12,5190,2024-06-06
f6eff4ef-c98b-4821-9622-37929fee9eef,9655,Sample position 334,2762.07,2024-08-08,5594,2024-05-02
5f9e651d-2710-48ff-8509-d1d2c265ae2a,8397,Sample position 335,1257.54,2024-08-31,330,2024-03-06
c3d9a29e-2ed2-47be-9d7a-3a090cfc55de,1557,Sample position 336,5641.41,2024-04-13,4800,2024-05-10
4aa35be3-4eac-4aae-921b-ec3371699352,8413,Sample position 337,1832.1,2024-02-14,1112,2024-09-10
762d74ff-1055-460c-bcd7-a98128fd45d7,9577,Sample position 338,2674.54,2024-09-10,5689,2023-12-19
cbb74de6-215d-44c1-81c2-f9f64a826266,909,Sample position 339,622.22,2024-06-07,2594,2024-08-12
44bcb786-d349-4746-bcbc-795e5de7d955,4654,Sample position 340,1586.32,2024-08-02,2157,2024-05-14
2d5b0b90-0790-45f3-99c7-3960a8201fa7,8994,Sample position 341,4155.29,2024-10-31,8292,2024-06-04
5b382822-19ac-49ab-87bb-1df4f45b5d2d,327,Sample position 342,9575.51,2024-10-20,5564,2024-09-05
82c22919-ceaa-41a0-a212-a95b51e4c6d0,3632,Sample position 343,7255.51,2024-07-16,9108,2024-08-11
aeabb2f0-dffa-4f8f-bb13-d894d80072aa,2882,Sample position 344,6710.6,2024-02-21,2587,2024-04-25
a7432833-1334-4cd9-b598-deaa1098c817,8330,Sample position 345,877.58,2024-03-09,7648,2024-10-13
499dad6e-1354-412a-b642-d62186c9fa04,3284,Sample position 346,9647.31,2024-01-29,1663,2024-08-20
ad62b1fb-1364-4df7-bf11-f1cc00083234,8933,Sample position 347,5078.15,2023-11-26,5537,2024-11-02
26ddda47-008f-454d-aff5-d4f257c678fc,8444,Sample position 348,1852.4,2024-04-05,2657,2024-07-28
65880c28-2759-4dff-b62c-983854727528,1011,Sample position 349,8440.68,2023-12-14,4988,2024-04-17
69c9d216-f902-4aba-b03e-2b93beba0c73,767,Sample position 350,865.46,2024-11-12,4606,2024-06-05
0a5de9d7-359a-46de-bed9-e157c137671b,8590,Sample position 351,4397.45,2024-04-17,1069,2024-06-05
bc7aeb3d-3b33-4461-a6e3-8a34fdb87f1e,169,Sample position 352,2337.02,2024-10-16,224,2024-09-08
ceef580f-5476-4542-ab88-4664db6abd1f,1494,Sample position 353,668.6,2024-04-16,9491,2024-06-09
8b56a7a5-3595-48af-9e0d-498c98f3b296,4126,Sample position 354,5072.55,2024-07-16,4762,2024-08-19
05cfa013-4886-4527-b7b6-c52b48025cfb,4153,Sample position 355,2364.37,2024-02-20,9265,2024-07-18
7e1c1c9b-c56e-4b08-98e9-3dbfe1146ffc,3556,Sample position 356,1800.77,2024-10-31,5860,2024-03-12
f3afc8f8-a34e-48ad-8e97-c4f56a6334e6,2459,Sample position 357,8563.57,2024-10-08,2475,2024-10-06
d4e61a8c-fe82-4209-be56-6f3cfd31d2c0,706,Sample position 358,7531.76,2024-09-16,9279,2024-09-18
beb3fec1-0fb0-497a-b6d8-7c1f04e1f9e2,2713,Sample position 359,3696.39,2024-03-25,5889,2024-08-30
de2fdbe1-8285-4062-a9d9-290737bbd1d9,5965,Sample position 360,2724.41,2024-07-22,7670,2024-09-06
1f82051b-08f1-46bd-845e-f785e50f66e7,283,Sample position 361,215.75,2024-02-27,1098,2023-11-24
7959dc1c-86c1-4a72-8d3f-99ee6dc9d6aa,1711,Sample position 362,106.97,2024-10-26,3239,2024-04-01
771f3d47-1fef-4e13-b183-7c488741ad51,2596,Sample position 363,4279.89,2024-03-12,1156,2024-07-03
d9fb6860-1928-4bee-b486-7ed67d010a59,925,Sample position 364,4827.27,2024-10-20,3697,2024-07-10
7fad6673-2116-4505-b0df-8d864bb51c63,6525,Sample position 365,120.33,2024-08-13,5896,2024-10-14
aec6a602-9abf-4d93-93b1-64fd738251ce,4151,Sample position 366,4850.59,2024-04-21,6632,2024-04-28
4bc87a91-9a42-497b-8da1-a581aed99737,9031,Sample position 367,1019.42,2024-06-22,3671,2024-05-01
3cd4a0b5-ab34-4da4-80e4-fbd2c350760f,4738,Sample position 368,6539.93,2024-10-21,9264,2024-09-11
8bc3a228-f7da-4327-b97c-7d85ee09c7aa,4721,Sample position 369,5710.93,2024-07-24,8936,2024-06-01
13f2e0f6-86ee-43e8-993b-0bf30f8db776,3582,Sample position 370,211.62,2023-11-18,4985,2024-10-25
53d5cddf-ff74-4f01-a5b7-a8f25375bddc,890,Sample position 371,4289.56,2023-12-30,8596,2024-07-28
9ef9789d-e234-40ca-ad79-679c99087687,736,Sample position 372,8953.73,2024-10-25,1673,2023-11-27
0b9fd2d7-baec-4275-bf91-99f052b846b1,3289,Sample position 373,4913.05,2024-08-02,9420,2024-05-26
ff4a06d0-9165-4c1b-9f6f-71b6c02d50bf,9609,Sample position 374,7129.1,2024-09-20,4629,2024-07-01
81ccae32-f83f-4858-94eb-0e50f4c204e6,1427,Sample position 375,4751.02,2024-05-25,899,2024-05-01
e0c47677-0e78-48ed-8388-178430ef37f2,9629,Sample position 376,1853.61,2024-02-05,3292,2024-09-11
9efd84bb-ec37-4c63-b82c-481902f0c2ed,7974,Sample position 377,3379.29,2024-07-22,8902,2024-11-09
8b6da496-539f-4df6-adae-5ed25d922b3a,5891,Sample position 378,5713.52,2024-04-27,8738,2024-06-13
d3aad72c-01af-48c6-b0c4-cb7263a19e30,8136,Sample position 379,1372.97,2024-08-26,9568,2024-02-29
183eea5d-57d2-4d59-b1c5-254a3d9aab84,616,Sample position 380,1105.36,2024-02-10,9054,2024-02-03
0a430a00-3149-442f-830a-a1240f8ebd42,8391,Sample position 381,8192.78,2024-10-01,4265,2023-12-02
77672925-01fb-46c6-bb28-f589c06cb1fa,187,Sample position 382,7999.77,2024-05-30,2395,2023-12-20
0350116c-1bd2-49de-bedf-d60075991f54,4997,Sample position 383,8702.97,2023-12-30,3568,2024-11-10
4a3d86bc-83a9-4b71-b8bf-158efff98255,8854,Sample position 384,8753.52,2024-09-19,5077,2024-04-22
ce2e3812-bb87-4a89-8b04-bb937ceb8d61,7443,Sample position 385,7772.8,2024-06-03,5897,2024-03-18
e8c00c4f-d30b-42ab-946b-d366daa2141e,191,Sample position 386,5712.67,2024-04-28,5770,2024-04-04
427f030e-3610-4cda-97ac-9b88c01a3474,5066,Sample position 387,6288.99,2024-05-24,5274,2024-08-13
bf224916-6937-4a72-ba7f-8770d44a3969,9785,Sample position 388,8604.12,2024-04-27,1801,2024-05-22
a0b32080-600c-4540-83f0-443bddd09826,6687,Sample position 389,9338.53,2024-10-02,6965,2024-07-01
c3856ff9-46df-4fab-87a4-cc06a0f579ae,5795,Sample position 390,9530.19,2024-09-12,9287,2024-05-07
673a00d8-d4b5-4843-9889-d262077e4802,1324,Sample position 391,3202.64,2023-11-15,5885,2024-09-27
6ef65b00-e297-420e-935e-09be2f601e2f,9003,Sample position 392,6383.62,2024-05-18,5481,2024-02-07
534698a5-7f4c-470f-857d-bf13987659d3,5026,Sample position 393,2304.15,2023-12-08,2307,2024-02-17
2e4e3de8-28e8-48ca-b767-b835d5f0087b,6022,Sample position 394,1306.58,2023-12-27,4968,2024-10-27
b670367d-e676-4255-adbe-1149e7c8e986,5407,Sample position 395,5486.75,2024-04-07,7690,2024-01-22
55e0fe5c-5061-41dc-92db-501625f7944b,2578,Sample position 396,3412.19,2023-11-25,4169,2024-08-18
16a8a438-c143-4a53-8e52-a09dd4723903,7675,Sample position 397,4456.94,2023-12-06,7015,2024-09-01
474a2d36-d9e1-4b19-863f-183495d753a2,6990,Sample position 398,903.13,2024-06-27,3465,2024-10-05
30bdef6d-4e45-4bc9-99ec-fc92555ce675,6430,Sample position 399,5573.18,2024-10-02,6677,2024-08-02
f1c1593a-8fe1-42b2-b6a4-79416b68a87c,3110,Sample position 400,172.31,2024-03-16,5500,2024-01-31
2631c448-2108-4ce7-8d70-9ddc83863a21,4524,Sample position 401,8942.98,2024-10-04,1714,2023-12-01
dc77b241-51c5-4594-a6b1-bf4b7ac9d898,1558,Sample position 402,5396.23,2023-11-23,6860,2024-08-24
aed6d913-a602-4bef-8e44-7ccfb4925a42,2862,Sample position 403,2235.86,2024-04-19,7321,2024-01-17
76b6558a-5590-4cad-9150-d60cb1366850,150,Sample position 404,5927.99,2024-02-25,1540,2024-09-24
da7db2df-3213-4749-a317-9697282ebf55,5803,Sample position 405,3122.4,2024-02-03,1084,2024-08-25
cd7b6607-35da-45ea-90ba-642d9ec377f8,6736,Sample position 406,6955.72,2023-12-29,1058,2023-12-08
3daa9257-e462-4736-a474-6534f2ba434e,9730,Sample position 407,3440.07,2023-11-14,2903,2024-06-08
d911cca8-5930-45a5-a618-bad0f7090619,5789,Sample position 408,7709.82,2024-04-25,2012,2023-11-25
79809fd4-4a2f-40d0-af01-b0597815f347,3164,Sample position 409,2424.24,2024-09-01,2866,2024-08-27
79a5ba47-b700-4b93-b9af-213d5f760d51,4304,Sample position 410,1306.53,2024-05-02,2841,2024-07-19
b83ae342-d4f3-40ff-b269-671f2e43538e,5592,Sample position 411,5701.66,2024-05-10,8129,2024-07-13
a255042d-bab1-40dc-810c-76a00b0c5782,5090,Sample position 412,9152.46,2024-04-20,569,2024-08-07
1897108e-4625-4348-b435-3456cdc43462,9019,Sample position 413,8448.13,2024-06-02,1494,2024-09-03
fd254142-990f-4097-83b0-e595c60bab27,8731,Sample position 414,5072.81,2024-09-14,6216,2024-01-27
62e8a982-3e66-4983-8cb5-3f6e3dc8d36f,9370,Sample position 415,4725.48,2024-08-26,9509,2024-11-02
480dfefd-955a-4361-a73b-841d2e4c2e91,9068,Sample position 416,5131.98,2024-05-19,4283,2024-07-23
6efb5a8d-60aa-4b49-9596-fd2caf06a2d2,2609,Sample position 417,6715.52,2024-05-14,4774,2024-05-19
fe01bde9-a0fc-48b3-bf44-e6dec9be6213,5610,Sample position 418,1655.95,2024-10-02,9813,2024-06-19
42319288-4905-459b-a1b7-fcb23b1bc4ea,7911,Sample position 419,6799.77,2024-09-01,1747,2024-04-11
dca2c173-07e9-4d14-ba56-7d8c5c763c53,2839,Sample position 420,5614.8,2024-09-09,6670,2024-08-08
eeea9949-294c-48a5-989e-bf4c11cbfa67,4251,Sample position 421,6908.61,2024-02-02,759,2023-12-09
d754e240-3fcf-46e7-b6ee-27add2fe7d68,5803,Sample position 422,5356.86,2024-04-15,534,2024-03-06
41be6ed3-1dd8-4e4b-a08e-866be860afd0,5911,Sample position 423,4449.14,2024-11-08,2642,2024-10-02
2e403c7f-9dd1-44dd-940d-1067450c3974,6493,Sample position 424,9715.4,2024-10-27,5844,2024-03-02
981635b3-0183-49f5-a43b-efb8ff3a10be,3776,Sample position 425,5557.62,2024-11-04,9331,2024-09-16
96bd8e63-5c29-4454-841d-077267ace020,8012,Sample position 426,7542.19,2024-01-08,8632,2024-04-03
b3bd1e17-fc98-4bd1-b0a5-ded881353f72,659,Sample position 427,5391.28,2023-11-20,9023,2024-09-02
b48283b4-ecd6-41c5-8862-c96abfa69039,8375,Sample position 428,1932.48,2024-08-11,1166,2024-04-04
d8cb8459-3ac8-4593-8863-d0e76a362dd5,9257,Sample position 429,9216.54,2024-05-01,4640,2024-05-26
87bec219-f38c-40c8-9b3e-1af9a7447c0a,7827,Sample position 430,3657.65,2024-01-02,5191,2023-12-28
e8c67b0b-73d3-4f6e-9697-4318d26fd4d8,6815,Sample position 431,8319.51,2024-06-29,9108,2024-07-02
a4fe737b-cb81-4a22-a8d3-f6015da9d606,8013,Sample position 432,4303.0,2024-08-30,9837,2024-03-21
aef5292f-0c85-4b0a-8e02-de9a6cd19992,7073,Sample position 433,1499.98,2024-04-28,4878,2024-03-14
3c85d7da-bf15-4539-b7fd-92b562d54203,4680,Sample position 434,7770.24,2024-04-29,7155,2023-11-26
a31502aa-9235-463b-a916-cea27de04cf4,747,Sample position 435,3705.83,2024-05-18,9052,2024-07-04
21f5ab5f-4971-408e-8599-45b4d4a7f72d,5688,Sample position 436,6780.19,2024-09-30,5254,2024-02-07
7930df34-2788-4440-a129-2c27cbb4a502,3927,Sample position 437,234.25,2024-06-24,3696,2024-07-28
365a79ad-a89c-4e3e-a705-a2a47bb09e69,9962,Sample position 438,3361.38,2024-04-30,7460,2024-03-03
d5c03615-9bfc-446a-9411-bc5c4a5fd723,552,Sample position 439,9947.01,2024-06-09,2140,2024-06-12
3f764831-6736-428f-9e75-add78671b9e9,9907,Sample position 440,8658.81,2023-11-23,149,2024-10-20
01107849-1e8e-4549-8d77-79d92a8600bc,312,Sample position 441,5156.71,2024-05-06,4477,2024-07-31
a28f62d3-8bac-4e16-b9c7-23c3658be51c,5043,Sample position 442,6096.03,2024-04-01,8837,2024-08-20
94e34ea5-2415-4a61-82c6-9623b75ffa48,3736,Sample position 443,4146.04,2024-09-28,8492,2024-10-10
c6b458f5-8845-4f33-a6d3-2dc31d69b446,8500,Sample position 444,8744.49,2024-03-22,1758,2023-12-17
2153ecd0-60ce-4287-8354-883436d0a106,7254,Sample position 445,3533.64,2024-01-13,6451,2024-03-25
b38db619-3a0d-4d25-ae78-b576190cd0cd,9910,Sample position 446,4414.45,2024-03-25,6711,2023-12-19
42fb078b-5a52-45cb-bc9d-ced03b990677,5917,Sample position 447,6272.33,2023-12-12,3163,2024-09-28
be5f035c-fe71-42ae-a1b8-8719c91809ed,7239,Sample position 448,2767.13,2024-07-14,8858,2023-12-18
89910224-e976-461e-aef5-1ef968ecad1d,7826,Sample position 449,9056.53,2023-12-06,5692,2024-03-20
8d954fa6-9094-4dd0-8944-b456ba0c730e,7468,Sample position 450,4830.78,2024-06-09,9898,2024-02-18
6c8d23b5-b6c9-47fd-9887-ed688880a776,3273,Sample position 451,8618.13,2024-05-16,5324,2024-02-20
298c245d-e61f-45d6-b1ee-c4b952e60837,8295,Sample position 452,2497.16,2024-10-11,2686,2024-10-31
ae128db7-5069-4f15-b97d-8b9f6c54f9c6,1525,Sample position 453,2569.89,2024-04-04,3566,2023-12-18
7a6847a1-3537-4678-a077-d1982572a38e,7473,Sample position 454,6635.2,2024-02-28,4466,2024-08-07
65781303-1cb9-4b31-adc8-c161b5fe6615,1980,Sample position 455,5981.28,2024-10-19,2261,2024-11-01
aa3f2f14-ab75-47a8-b3f5-7092e32412bd,3615,Sample position 456,2178.37,2024-02-26,4702,2024-03-27
0ba44cb7-3d23-4efe-882f-8b0881af166e,8444,Sample position 457,1168.83,2023-12-23,8149,2024-07-21
ff3e693f-3c4f-4285-9460-491d8e6c4c4b,3163,Sample position 458,7110.03,2024-02-22,8427,2024-05-12
7c1aea64-a141-4c6c-88c2-600fd54b081d,4495,Sample position 459,9403.75,2024-03-09,1858,2024-05-30
38d3d344-375c-4012-9c67-2db4f48eb597,651,Sample position 460,8582.62,2024-07-28,520,2023-11-23
3e049556-11bd-46f7-85a7-b16995b85fd8,4874,Sample position 461,6495.9,2024-05-29,5558,2024-01-07
1721b62f-b8c1-496e-ba20-09446dbf0fcd,6311,Sample position 462,2271.92,2024-01-15,1118,2023-12-30
fcf23e0a-b579-4749-87e7-57d6f332c811,8523,Sample position 463,9257.95,2024-03-17,3488,2024-11-12
c44fce7d-c82a-479e-941a-3c350cca5d65,8534,Sample position 464,4827.1,2024-11-09,6810,2024-05-07
481796c9-c642-4b8c-bc6d-467f8d557c2f,8955,Sample position 465,9820.26,2024-01-20,3785,2024-08-15
a9ed31e5-3294-40f3-8470-c064f9605abd,2524,Sample position 466,9924.32,2024-03-30,7074,2024-06-16
4dd468ff-ae87-4ab8-89d0-9cc8adffd506,8346,Sample position 467,6236.27,2024-09-24,126,2024-02-04
1989c83b-d285-4030-b880-ca0840f8101a,1462,Sample position 468,1368.07,2024-02-09,784,2024-01-12
04f7ff63-db4a-4e16-8dee-a643b7324d8d,3545,Sample position 469,6933.54,2024-10-05,2667,2024-04-21
b4f258c8-cdff-4241-8f2e-716b14e01138,2636,Sample position 470,2392.31,2024-07-20,9693,2024-11-11
aa1f1729-84d5-4214-9d0c-a42cb2cf5d61,3714,Sample position 471,943.76,2024-03-24,9706,2024-10-21
df1cd4d0-c762-4ab1-b10d-e3ae86117cb5,7657,Sample position 472,4215.76,2024-08-31,3290,2023-12-09
9bd5ec1a-1f55-45d8-9e5d-a72e2e9e3481,7560,Sample position 473,4243.17,2024-01-02,9547,2024-09-01
ac069025-ff5f-4f2a-b2cf-a3d7887a2d53,3894,Sample position 474,9881.69,2024-05-14,5572,2024-02-17
267304a3-91a6-4864-8a94-5a97e2adebe6,376,Sample position 475,5754.54,2024-07-28,349,2024-08-06
7a81325e-e2c0-4d07-9cff-8301abb8b069,2976,Sample position 476,3042.53,2024-06-15,1448,2024-11-12
83b6c94b-55a3-4488-a407-0b688760d4cb,9470,Sample position 477,8816.68,2024-09-21,2887,2023-12-14
58f869c1-d503-407f-adf5-e8fe70879659,7604,Sample position 478,8494.99,2024-10-02,6919,2023-12-17
62db93ab-4af7-4716-909e-fef11cd4791f,7449,Sample position 479,7082.48,2024-03-04,7470,2024-02-22
b154e2f3-fbca-47cf-8560-d29111dce78d,877,Sample position 480,2450.05,2024-04-03,176,2024-07-07
045e439d-85ee-4f35-be59-dbc44c8cfa6f,9773,Sample position 481,5768.36,2024-04-05,9374,2024-03-22
39f01ad0-e53f-49f7-b6fc-7bf5d92d2f87,9929,Sample position 482,8823.56,2024-10-11,6909,2024-07-29
d2dc20e4-7901-470c-a3e4-52f553424fba,6206,Sample position 483,2303.12,2024-03-27,602,2024-07-06
aa05eb15-28c9-4359-a27b-53538b048edf,8154,Sample position 484,5008.99,2024-01-04,6474,2024-06-10
fe70f451-f12f-4a9a-9a25-6525a83830f7,103,Sample position 485,6481.03,2023-12-13,7779,2024-01-22
abb78292-2b9c-41a4-b272-f7ba32af1809,5950,Sample position 486,2786.65,2024-03-22,5371,2024-09-07
1bedd784-7fb5-4584-8a9c-7c81b850132f,7047,Sample position 487,2283.28,2024-07-30,4704,2024-01-13
e719aaa9-80e7-4238-9e0f-1d73b105b1cd,3193,Sample position 488,2956.03,2023-11-20,5646,2024-07-12
dec78d30-c5af-42bb-acc8-923faaa150b2,4358,Sample position 489,4207.57,2024-09-05,3326,2024-07-03
f50022a7-543b-49d5-9a7c-757120390d3e,9414,Sample position 490,2731.97,2024-04-18,9264,2024-01-04
